card_owner_id,total_profit_gbp,card_produced_time,profile_address_country,months_since_joining,12_month_ltv
1006097,-28.62191142117,2018-03-26 15:46:23,ES,2,-171.73
1008230,-1.8102249,2018-02-02 13:04:58,GB,3,-7.24
1017739,-0.279777741500001,2018-03-22 14:20:54,NO,2,-1.68
1017929,9.496416723600001,2018-02-12 16:21:05,GB,3,37.99
1019425,3.6677572401875,2018-03-29 23:48:40,GB,2,22.01
102143,-1.4466161088299998,2018-01-09 13:22:27,GB,4,-4.34
1022091,-0.1318096268099999,2018-01-29 12:46:28,DE,4,-0.4
1025693,-21.91199656602,2018-03-15 22:03:03,FR,2,-131.47
102606,0.18503586504000002,2018-01-18 15:58:17,GB,4,0.56
1033275,-14.82456971395002,2018-03-26 21:37:52,PL,2,-88.95
103656,2.7765618718125,2018-03-16 06:24:25,FR,2,16.66
1037034,-0.0002773822159999,2018-02-09 14:14:29,GB,3,-0.0
103820,-9.57795456357,2018-01-26 16:17:24,GB,4,-28.73
1039190,-1.0953015123200005,2018-04-04 08:12:33,GB,1,-13.14
1040023,-10.80184227,2018-03-26 15:02:55,SE,2,-64.81
1043435,-1.17490452273,2018-03-26 14:08:36,DE,2,-7.05
1053011,-0.0554,2018-04-05 15:47:32,GB,1,-0.66
1057147,0.5356901773400007,2018-04-11 20:39:08,ES,1,6.43
105878,-0.1524,2018-01-18 22:43:46,GB,4,-0.46
1066081,0.0521266079699997,2018-03-23 13:12:51,GB,2,0.31
106834,-5.7087481713,2018-01-11 14:06:47,GB,4,-17.13
107050,-0.4065884239600003,2018-01-18 17:04:57,GB,4,-1.22
1073821,-0.0462859408,2018-02-02 16:55:08,HU,3,-0.19
1073954,4.707200705524027,2018-02-11 16:38:58,SE,3,18.83
107616,1.1610427128000003,2018-03-06 16:44:55,HU,2,6.97
1080692,-0.0404,2018-03-29 13:29:48,GB,2,-0.24
108071,-4.027613146369997,2018-01-25 07:57:18,EE,4,-12.08
1086801,-2.0316,2018-01-09 13:42:57,GB,4,-6.09
10980,-0.75833094,2018-03-06 21:30:27,ES,2,-4.55
1105946,0.3879696178599995,2018-03-27 10:08:18,PL,2,2.33
1108193,-0.5763277187499937,2018-02-06 15:17:53,SE,3,-2.31
1112873,-8.918743394537499,2018-02-13 18:09:11,ES,3,-35.67
1115974,-0.3337677609800005,2018-03-27 11:52:40,MT,2,-2.0
111622,-4.045702967709999,2018-01-22 07:51:56,GB,4,-12.14
1119345,4.3941403999999995,2018-02-07 13:16:28,CH,3,17.58
1124759,-2.4278012400000044,2018-01-11 14:30:48,GB,4,-7.28
1140804,0.24088,2018-02-06 18:19:16,GB,3,0.96
114144,-1.3302750875999998,2018-01-18 21:23:50,GB,4,-3.99
1147381,-7.300180716319982,2018-01-11 14:27:26,GB,4,-21.9
1151321,0.288188255155,2018-02-21 21:19:00,CZ,3,1.15
1154156,0.945017716,2018-02-09 20:40:23,DE,3,3.78
1168153,-4.55287502106,2018-03-09 17:12:28,GB,2,-27.32
1170050,-1.4636061332,2018-02-02 14:27:51,ES,3,-5.85
1176863,-1.02570198,2018-03-13 18:09:24,ES,2,-6.15
1181352,-10.85314863078,2018-03-08 09:25:11,GB,2,-65.12
1183971,0.05124482235,2018-04-19 18:45:54,DE,1,0.61
1192097,0.08014125538000028,2017-10-20 08:06:19,EE,7,0.14
1193219,-0.7947718630099934,2018-02-23 12:22:19,EE,3,-3.18
119395,-39.77079688,2018-01-18 21:17:46,GB,4,-119.31
1194993,0.8302437599999999,2018-04-08 12:58:01,GB,1,9.96
1197673,-0.02959532,2018-02-27 09:49:03,FI,3,-0.12
1200024,-0.2887687158049993,2018-01-09 14:13:46,GB,4,-0.87
120052,1.0130484180100017,2018-03-19 20:39:49,HU,2,6.08
1202783,1.805358132749999,2018-02-05 17:01:21,NO,3,7.22
1209501,2.7239221753375,2018-03-06 15:43:08,DE,2,16.34
1220489,1.6889172601500233,2018-04-07 08:44:38,GB,1,20.27
12260,-0.7340122223400002,2018-01-09 20:43:17,GB,4,-2.2
1228948,1.244091240269999,2018-03-26 11:35:37,FR,2,7.46
1229590,-6.02353618265,2018-03-07 21:42:20,DE,2,-36.14
1237380,3.1745827770999973,2018-02-16 11:24:37,HU,3,12.7
1240332,-0.5583568958999972,2018-01-11 14:39:06,GB,4,-1.68
1240451,-2.5034906397940238,2018-03-07 12:05:02,GB,2,-15.02
1242555,0.4922223573100009,2018-03-03 18:39:22,SE,2,2.95
1245419,-5.7416346,2018-01-18 18:43:30,GB,4,-17.22
1245705,0.45966479376,2018-01-17 13:37:13,GB,4,1.38
1246722,-1.5524133126500004,2018-03-13 15:31:14,GB,2,-9.31
1247587,-7.2872207156599975,2018-03-13 15:30:59,IE,2,-43.72
1249072,0.4082530000000021,2018-02-08 16:26:28,HU,3,1.63
1255762,-0.0197800076999999,2018-03-23 04:48:07,DE,2,-0.12
1256683,-1.8102249,2018-03-22 19:11:56,DE,2,-10.86
1261574,0.44751855799999996,2018-03-16 23:08:58,NL,2,2.69
1266679,10.104529547000102,2018-01-11 14:13:53,GB,4,30.31
1268734,-1.3921238176199997,2018-03-26 08:19:14,CH,2,-8.35
1273776,-2.82740639436,2018-03-27 10:09:52,FI,2,-16.96
1280178,-0.0548181098000002,2018-03-07 00:49:18,GB,2,-0.33
1285031,0.2279774030299999,2018-02-08 21:35:59,GB,3,0.91
1287868,3.3872305275,2018-01-09 12:38:53,GB,4,10.16
129061,-0.0442618023099998,2018-03-26 13:35:17,FR,2,-0.27
1292489,40.092100867773006,2018-02-23 07:06:15,ES,3,160.37
1297658,0.1423400705999999,2018-02-09 12:50:09,IT,3,0.57
1299311,5.743665479689969,2018-02-14 14:24:10,HU,3,22.97
130732,25.180983265839988,2018-02-06 09:16:59,ES,3,100.72
1308845,-4.39815777447,2018-02-27 10:02:04,DE,3,-17.59
1312953,-6.718207145735,2018-02-05 19:20:51,SE,3,-26.87
1316075,-0.4394,2018-03-16 07:49:57,GB,2,-2.64
13225,15.964106274999999,2018-01-09 19:09:37,GB,4,47.89
132379,0.2852799999999998,2018-01-18 15:44:18,GB,4,0.86
1331026,-5.930618214000001,2018-03-27 21:23:03,GB,2,-35.58
1333597,-0.66912822507,2018-04-18 15:33:31,DE,1,-8.03
1350640,-1.48059024024,2018-04-05 09:40:50,CH,1,-17.77
135435,1.049809808000024,2018-01-30 12:16:25,GB,4,3.15
1367909,-1.7024258414999887,2018-03-14 16:54:51,CY,2,-10.21
1372883,0.5626046353624998,2018-03-09 16:50:09,GB,2,3.38
1375006,0.07469219999999999,2018-03-06 15:25:05,DE,2,0.45
1375136,-3.1648824969,2018-03-26 20:25:37,DE,2,-18.99
1381223,4.882045320839986,2018-02-16 06:46:50,DE,3,19.53
1381965,-2.6762779876000002,2018-02-14 11:39:33,GB,3,-10.71
138219,-0.1490078266199999,2018-04-18 16:43:21,NL,1,-1.79
1382215,0.011215148609999899,2018-02-17 01:00:29,GB,3,0.04
1385640,10.9689543694025,2018-02-11 11:00:55,CH,3,43.88
1389233,0.9070830622199989,2018-03-01 18:36:33,CH,2,5.44
1392434,-0.1104634730699999,2018-02-23 21:56:01,FR,3,-0.44
1395930,-27.465524885920086,2018-02-02 14:44:45,HU,3,-109.86
1398293,-0.1377112279799998,2018-03-08 20:20:13,GB,2,-0.83
140399,-19.104632038469,2018-01-18 16:27:30,GB,4,-57.31
1404015,0.19788,2018-04-25 13:45:25,GB,1,2.37
1409137,-0.04974843144,2018-04-16 12:07:48,ES,1,-0.6
141676,1.1582867020199985,2018-01-11 13:53:52,GB,4,3.47
1425309,-7.837759472000001,2018-01-29 13:39:22,FR,4,-23.51
142751,15.33772076875,2018-01-22 08:04:18,GB,4,46.01
143501,-3.1501061862454565,2018-01-11 23:01:10,GB,4,-9.45
1439717,-0.0746593263,2018-02-09 12:50:13,FR,3,-0.3
144056,5.1377555031724995,2018-01-21 11:19:50,GB,4,15.41
144781,-2.4402504208299995,2018-02-08 11:26:58,GB,3,-9.76
1449504,0.1559397221125002,2018-02-08 10:33:55,CZ,3,0.62
1450049,-0.36080082135199976,2018-04-04 09:59:27,GB,1,-4.33
145502,-6.049143873509496,2017-10-20 13:35:37,EE,7,-10.37
145591,-5.04740662909202,2018-03-01 21:05:04,EE,2,-30.28
1457998,4.102078445,2018-02-16 09:11:48,GB,3,16.41
146038,0.0056,2018-04-25 16:36:43,GB,1,0.07
1468942,-9.982225634769918,2018-01-19 14:30:55,GB,4,-29.95
1472360,-0.0284932437999999,2018-03-26 13:32:18,CH,2,-0.17
147905,0.1857271598999996,2018-03-05 18:25:26,ES,2,1.11
1487672,0.4568619860999999,2018-04-09 10:16:04,GB,1,5.48
1495807,-1.29495405283,2018-01-11 19:52:53,GB,4,-3.88
150247,-2.317885539012,2018-02-23 15:41:00,HU,3,-9.27
1503460,-4.941633775742501,2018-01-18 16:16:49,GB,4,-14.82
1505,-14.05093230416999,2017-10-03 18:01:53,EE,7,-24.09
1507896,-4.204111216770001,2018-03-14 20:54:42,GB,2,-25.22
1511620,-5.748073420480001,2018-03-08 10:22:37,GB,2,-34.49
1518221,-0.059736147,2018-04-18 15:17:44,IE,1,-0.72
1518511,0.02705750000000011,2018-04-07 20:55:14,GB,1,0.32
1529019,-3.6396117663,2018-02-27 22:21:48,IE,3,-14.56
1533116,-0.7969209569949949,2018-02-02 15:41:24,LV,3,-3.19
1537,-6.241389600000001,2018-01-11 17:00:05,GB,4,-18.72
1547216,-0.16862969471999978,2018-04-04 02:22:19,NL,1,-2.02
1548937,0.5322041126200032,2018-01-17 19:21:23,HU,4,1.6
1548987,-2.159343896210012,2018-03-01 00:14:34,DK,2,-12.96
1555436,-2.9652148499999997,2018-03-08 17:46:28,BE,2,-17.79
155776,-1.86953572707,2018-01-18 21:20:15,GB,4,-5.61
1558434,7.5060123280874995,2018-02-06 15:22:31,GB,3,30.02
1558506,-4.583017606289999,2018-02-05 05:54:31,EE,3,-18.33
1560130,0.14066,2018-04-04 13:28:47,DK,1,1.69
156154,-2.67819237822,2018-03-27 20:42:10,CZ,2,-16.07
1565157,-0.9523779999999997,2018-03-22 14:45:20,GB,2,-5.71
156518,-57.9830912103,2018-02-06 08:55:35,DE,3,-231.93
1568331,-0.04286530079503059,2018-02-23 16:14:43,ES,3,-0.17
157306,-0.8858607968899996,2018-03-18 12:03:19,FR,2,-5.32
1586838,0.03658,2018-02-27 12:02:13,HU,3,0.15
1587954,1.3755683380399983,2018-02-28 21:04:33,GB,3,5.5
1594183,-0.0986784019799998,2018-03-06 15:04:52,NO,2,-0.59
1604988,-2.4101729893600004,2018-04-09 15:49:36,GB,1,-28.92
1606621,-0.5355763169600101,2018-02-14 15:02:09,SK,3,-2.14
161358,-1.15498995,2018-01-11 14:27:35,GB,4,-3.46
1620554,-0.5083409350000003,2018-02-22 16:43:30,RO,3,-2.03
1621930,-0.0697165137500001,2018-02-14 22:27:59,GB,3,-0.28
1626738,0.1226599999999999,2018-02-13 18:21:57,GB,3,0.49
1628838,42.099896816629986,2018-01-29 12:16:02,IT,4,126.3
1631308,62.432771101059956,2018-01-29 14:31:11,ES,4,187.3
1631578,2.225775549347,2018-04-10 21:04:15,DE,1,26.71
164568,-0.5076016067399999,2018-01-18 16:08:38,GB,4,-1.52
1650501,2.866196828043981,2018-03-12 15:02:49,MT,2,17.2
1659091,-2.732818300448993,2018-03-27 09:45:33,RO,2,-16.4
1659170,-5.9218887286200035,2018-01-26 15:13:33,EE,4,-17.77
1660585,3.1555757180699944,2018-03-10 09:02:37,DK,2,18.93
1666111,-63.56803578304976,2018-02-24 11:57:05,FR,3,-254.27
1669482,-0.5015854539724998,2018-03-19 20:37:58,IE,2,-3.01
1671786,-0.1524,2018-02-19 10:46:49,GB,3,-0.61
167508,-1.6726813695599996,2018-04-21 10:07:14,GB,1,-20.07
1681497,-0.05014157241,2018-03-18 07:53:22,DE,2,-0.3
168632,1.0177568480320154,2018-03-14 14:49:04,AT,2,6.11
1687882,-1.0861949425499984,2018-02-21 08:46:11,FI,3,-4.34
168951,-0.1828200000000002,2018-04-06 10:29:29,FR,1,-2.19
169236,-37.622542532349975,2018-01-26 18:49:08,EE,4,-112.87
1692714,3.6988519999999996,2018-03-04 14:45:40,CH,2,22.19
1692960,-2.3890644561424903,2018-02-06 15:20:15,NO,3,-9.56
169853,-1.8599249,2018-02-06 15:42:43,CH,3,-7.44
170327,2.50523445858,2018-03-13 19:38:25,CH,2,15.03
1709134,-0.0406,2018-03-14 07:34:46,GB,2,-0.24
1709290,0.8349244922999994,2018-01-29 12:23:04,GR,4,2.5
1710436,-7.633596263760001,2018-02-13 08:27:28,NO,3,-30.53
1726591,3.357915004400003,2018-03-21 16:04:43,HU,2,20.15
1733141,-0.2314123280549981,2018-04-12 17:32:22,SE,1,-2.78
1740849,-0.94872974,2018-04-12 14:47:29,GB,1,-11.38
1743411,-0.0504397263,2018-04-22 20:14:00,DE,1,-0.61
1749738,-4.430812035,2018-02-15 09:26:22,FR,3,-17.72
1756182,-16.679313598525045,2018-04-05 19:54:48,GB,1,-200.15
1757236,-0.024529358976,2018-03-26 15:18:31,PL,2,-0.15
1769096,0.6951999999999999,2018-03-27 09:38:18,GB,2,4.17
177277,-4.20273077657,2018-04-08 23:51:59,GB,1,-50.43
1773953,0.2544734975000174,2018-02-02 16:17:57,GB,3,1.02
177489,-0.16841536499999962,2018-02-06 19:53:51,HU,3,-0.67
177752,-0.4337,2018-04-25 06:27:23,GB,1,-5.2
1786546,-9.15988926993751,2018-01-24 14:52:00,HU,4,-27.48
179042,1.5790390048199996,2018-01-19 21:35:55,GB,4,4.74
179178,-5.611440753210001,2018-04-19 13:56:37,GB,1,-67.34
17933,-27.524224434119994,2018-01-09 12:51:35,GB,4,-82.57
179429,-1.6378322202100029,2018-03-28 11:36:03,CZ,2,-9.83
1795089,-1.9241254638600007,2018-01-29 14:18:25,GB,4,-5.77
1796838,-0.1059695087519999,2018-03-26 16:10:49,PL,2,-0.64
1803580,-0.62904297,2018-03-08 13:45:45,MT,2,-3.77
1808918,-4.748477330982001,2018-03-26 08:33:26,GB,2,-28.49
1811319,-0.8351965480000001,2018-02-05 19:59:11,SK,3,-3.34
1812943,-9.195391395175005,2018-02-21 18:01:26,FR,3,-36.78
1814,-6.047719513089995,2018-02-15 14:47:02,SI,3,-24.19
1818424,5.7820145705000074,2018-04-09 13:49:03,HU,1,69.38
1821942,0.0454002977375,2018-03-22 15:44:50,EE,2,0.27
182417,-13.759718255220001,2018-02-22 13:33:28,GB,3,-55.04
183755,5.255810525987507,2018-02-06 10:06:10,GB,3,21.02
1838440,-2.596726654379999,2018-03-26 22:19:58,DE,2,-15.58
1839921,-0.4166592766199996,2018-02-02 08:28:33,FI,3,-1.67
1841454,0.0211523876999999,2018-03-26 13:27:02,DE,2,0.13
1844009,0.16550242752,2018-03-08 13:18:37,PT,2,0.99
1852864,0.2542508562,2018-02-12 08:30:46,GB,3,1.02
188076,-4.323890340624,2018-02-28 11:47:08,DK,3,-17.3
1881249,4.971832093325,2018-03-06 15:06:47,GB,2,29.83
1882006,-3.13031579295,2018-02-27 14:09:20,GB,3,-12.52
1886894,-5.118478577049998,2017-10-19 21:27:01,IT,7,-8.77
189120,-9.365386616515513,2018-01-30 13:24:16,CH,4,-28.1
18924,-17.970489071790002,2018-01-18 17:24:26,GB,4,-53.91
190015,-3.5372217500000045,2018-02-28 10:19:41,GB,3,-14.15
1900520,-2.62627584,2018-03-22 14:52:16,GB,2,-15.76
1902737,-3.493617880599982,2018-01-18 18:13:09,GB,4,-10.48
1908822,-1.15498995,2018-02-12 10:14:49,DE,3,-4.62
1911248,-0.16331879117999978,2018-02-09 19:45:57,CH,3,-0.65
1930640,83.39056948819999,2018-01-29 12:45:46,GB,4,250.17
1930783,0.9217795950000002,2018-02-23 14:09:28,GB,3,3.69
1930825,1.2131749934774911,2018-03-28 10:07:19,GB,2,7.28
1931786,0.976067480749999,2018-04-16 18:23:05,GB,1,11.71
1935519,0.031239999999999914,2018-04-05 11:41:46,GB,1,0.37
193622,4.989042998099982,2018-03-28 00:48:55,GB,2,29.93
1937434,2.5134753919999997,2018-02-07 12:39:23,FR,3,10.05
194490,-1.10580652689,2018-03-27 05:43:02,DE,2,-6.63
194899,-2.3578982433299998,2018-01-18 15:53:46,GB,4,-7.07
195042,-3.45283459875,2018-01-18 17:52:03,GB,4,-10.36
196001,0.3166550000000001,2018-01-18 15:49:46,GB,4,0.95
1961299,-3.01366586,2018-02-28 18:37:44,GB,3,-12.05
1974747,0.36600000000000005,2018-04-18 15:55:20,GB,1,4.39
2000265,0.298,2018-04-11 22:27:23,ES,1,3.58
200608,-21.156313500000003,2018-02-22 16:54:31,EE,3,-84.63
201295,-3.18002009916,2018-01-21 11:57:52,GB,4,-9.54
2014084,-2.3598599071999997,2018-02-12 10:17:42,GB,3,-9.44
2035570,0.2522633358000001,2018-02-09 13:50:35,GB,3,1.01
2039799,-0.48222730580000317,2018-02-14 17:09:02,DE,3,-1.93
2042371,0.1406,2018-03-26 13:31:36,CH,2,0.84
2043158,-0.0376124358599998,2018-02-15 12:51:36,FR,3,-0.15
2077682,-6.449643644160018,2018-03-07 17:53:38,GB,2,-38.7
2112850,2.6864663389999985,2018-02-09 17:35:20,CZ,3,10.75
2113672,-55.03240694696,2018-01-29 14:30:34,PA,4,-165.1
2115093,-0.0486321610499999,2018-04-19 10:01:53,ES,1,-0.58
2152667,-11.47864874694,2018-02-08 10:33:48,EE,3,-45.91
2156054,0.0210415694399999,2018-04-19 15:23:00,DE,1,0.25
2156206,0.48392856946250035,2018-02-02 18:42:05,LT,3,1.94
2161462,0.25672807097999983,2018-04-16 14:00:39,FR,1,3.08
2162976,-1.6994813071999975,2018-02-09 12:24:38,SE,3,-6.8
216906,-5.070946311249984,2018-01-22 16:32:32,GB,4,-15.21
2178486,-0.8979523788499997,2018-03-11 14:05:23,GB,2,-5.39
218383,0.3874999999999996,2018-03-26 15:40:45,NL,2,2.32
2183833,11.8124266040375,2018-03-08 14:58:59,GB,2,70.87
218632,-3.9020460780999997,2018-04-18 16:38:49,DE,1,-46.82
2188505,-3.5657204553399997,2018-02-08 15:38:30,ES,3,-14.26
2191993,5.549498225187501,2018-02-09 13:51:59,IE,3,22.2
2198802,7.619611156100013,2018-03-31 20:41:04,GB,2,45.72
220197,-6.329220470040001,2018-01-18 17:15:09,GB,4,-18.99
2217472,-5.663576454899999,2018-01-29 11:44:19,GB,4,-16.99
221855,5.172909050183023,2018-01-18 16:52:55,SE,4,15.52
2219327,-0.7756038276000002,2018-04-05 16:16:58,FR,1,-9.31
2220516,-4.3447310655,2018-02-05 19:53:36,ES,3,-17.38
2221102,3.8029745990000006,2018-02-02 14:01:45,HU,3,15.21
2222644,-0.1057,2018-04-25 13:20:36,GB,1,-1.27
2225492,-0.2914,2018-03-19 15:54:27,GB,2,-1.75
2225807,-3.356292946700001,2018-02-27 13:04:01,PT,3,-13.43
2229358,2.2996781011625016,2018-03-22 17:19:58,HU,2,13.8
2246775,0.0024131532800003366,2018-03-13 18:32:12,ES,2,0.01
2247826,-31.12059592954991,2018-04-06 08:42:57,FR,1,-373.45
225218,-2.762115674447993,2018-02-02 12:49:19,CZ,3,-11.05
225344,-7.412338113034987,2017-10-20 08:07:36,EE,7,-12.71
225608,-0.0596094975599999,2018-04-10 18:35:34,GB,1,-0.72
225619,-0.6867386538000001,2018-02-22 16:47:51,GB,3,-2.75
2259745,-0.2227199999999999,2018-02-27 21:19:42,GB,3,-0.89
2265217,-1.0078091774649651,2018-01-29 18:04:14,NO,4,-3.02
226863,-0.36289686575,2018-02-07 14:06:47,GB,3,-1.45
2271829,-0.8320245029999997,2018-04-05 18:04:48,SE,1,-9.98
22741,0.6742199999999998,2018-03-16 13:45:15,GB,2,4.05
2280048,-0.0317157532799999,2018-04-05 10:28:40,GB,1,-0.38
2287250,5.795523068002501,2018-02-12 18:43:59,GB,3,23.18
2290061,-0.1908796949999994,2018-04-06 07:59:47,DE,1,-2.29
2298375,-2.87347792236,2018-03-28 01:03:03,PT,2,-17.24
230419,0.56742967625,2018-03-12 10:57:20,GB,2,3.4
2304546,1.1143138192,2018-04-01 20:02:42,GB,1,13.37
2308829,0.02100749999999979,2018-03-14 14:45:40,IE,2,0.13
232459,-22.13492053388,2018-01-18 20:08:35,GB,4,-66.4
2333412,7.506503720912488,2018-03-09 22:02:02,CH,2,45.04
2334464,-19.303619100000034,2018-02-22 16:39:12,FR,3,-77.21
2334911,-0.0808600000000001,2018-04-23 09:27:41,GB,1,-0.97
2338901,0.21811999999999987,2018-03-01 13:30:13,GB,2,1.31
2341038,-3.28989224964,2018-02-23 17:04:18,PT,3,-13.16
2341085,-15.108605724419958,2018-03-14 15:03:55,SE,2,-90.65
2342696,-1.5100234888950017,2018-03-16 21:32:58,GB,2,-9.06
2350915,-0.0893906909999999,2018-02-07 12:55:07,FR,3,-0.36
2364019,0.83418216,2018-03-04 21:39:25,CH,2,5.01
23692,-0.6010848384,2018-01-11 14:34:29,GB,4,-1.8
2378803,-0.11866685355,2018-03-13 20:31:35,CZ,2,-0.71
2382513,0.03974124700000259,2018-03-26 20:01:35,HU,2,0.24
2386119,0.86040249968,2018-04-08 01:23:34,GB,1,10.32
2392969,-0.21094,2018-03-09 16:29:47,GB,2,-1.27
23977,-0.4807163986559997,2018-01-09 13:29:52,GB,4,-1.44
2398480,-1.1884881094000004,2018-04-16 14:29:21,GB,1,-14.26
240089,-48.378347312345156,2018-01-09 15:48:15,EE,4,-145.14
2401202,-0.6000386819999989,2018-03-26 15:35:45,FR,2,-3.6
2415274,-0.965554554292082,2018-01-27 08:20:03,DK,4,-2.9
2418306,16.472063531425,2018-03-22 20:50:29,GB,2,98.83
242181,0.4180211651199999,2018-02-19 14:41:43,GB,3,1.67
2422461,-3.73269050352,2018-02-12 23:26:12,DE,3,-14.93
2429052,-2.9672801170300023,2018-03-16 18:28:28,IT,2,-17.8
2434547,4.91977107588,2018-04-12 06:33:04,FR,1,59.04
2438519,-3.223887188,2018-03-15 23:41:33,GB,2,-19.34
2439652,-0.825199623,2018-04-19 09:16:43,CH,1,-9.9
2464058,0.060539314899999905,2018-03-26 13:37:26,CH,2,0.36
2466863,-4.431405723549998,2018-02-28 12:33:33,GB,3,-17.73
2468297,-2.8002756402719995,2018-03-29 11:42:40,FR,2,-16.8
2482553,-0.2213999999999999,2018-03-27 09:39:40,GB,2,-1.33
2483456,0.5641735983640124,2018-03-20 10:07:05,GB,2,3.39
2485929,-1.8102249,2018-02-28 19:01:28,DE,3,-7.24
2491787,-4.524385942119999,2018-03-14 17:13:46,CZ,2,-27.15
2502861,0.6587135842499999,2018-04-10 09:18:21,GB,1,7.9
2505949,2.8222293776625005,2018-03-20 15:54:50,GB,2,16.93
2511649,-0.0424219448529999,2018-03-27 09:40:17,GB,2,-0.25
2513724,0.1306502692599999,2018-03-14 15:28:15,GB,2,0.78
2519091,-2.376943789019999,2017-10-26 13:36:26,EE,7,-4.07
2527131,-0.05939560443,2018-03-06 15:41:23,FR,2,-0.36
2528022,-0.15040599649499992,2018-04-10 12:58:09,IT,1,-1.8
2530680,-0.0465200000000001,2018-03-20 19:23:20,EE,2,-0.28
2537075,-3.73931525517,2018-02-06 15:54:48,GB,3,-14.96
2555409,4.611358318919997,2017-10-24 06:54:16,HU,7,7.91
2555589,0.92048846436,2018-02-03 19:37:18,HU,3,3.68
2569315,0.5635173023000001,2018-03-06 15:12:12,GB,2,3.38
257058,12.398404712160001,2018-01-20 07:06:14,GB,4,37.2
2585178,-1.8226158468499998,2018-03-22 09:42:31,IT,2,-10.94
2588991,-3.24768287694,2018-02-09 16:20:42,GB,3,-12.99
259590,-2.6744460000000005,2018-02-28 13:21:26,PT,3,-10.7
2604144,11.3622968137125,2018-03-17 12:06:41,GB,2,68.17
2618758,-16.27352436801,2018-03-13 15:37:40,DE,2,-97.64
2621009,-0.24014494695,2018-03-27 09:29:03,PT,2,-1.44
2634244,-0.1494166265699999,2018-04-18 05:15:23,FI,1,-1.79
2636221,-16.21487528172,2018-02-06 07:23:46,NL,3,-64.86
263828,0.5468999999999998,2018-02-07 14:22:16,ES,3,2.19
26450,-10.81666377252,2018-03-18 22:57:25,FR,2,-64.9
26497,-14.229619456650001,2018-01-19 10:55:55,GB,4,-42.69
265,-10.096081616700001,2018-01-18 17:30:22,GB,4,-30.29
2651176,1.2011140720375009,2018-03-27 12:01:14,FI,2,7.21
2653092,0.22118,2018-03-10 13:26:36,AT,2,1.33
2656339,1.731513432269999,2018-02-12 16:06:37,CH,3,6.93
26633,7.280093570799998,2018-01-30 14:34:31,HU,4,21.84
26683,17.652660034622507,2018-01-29 08:31:38,EE,4,52.96
2669951,-0.0497537084999999,2018-03-21 14:45:44,NL,2,-0.3
2670537,-1.3573187182999997,2018-02-25 16:03:56,DE,3,-5.43
267492,1.9880403055700013,2018-03-15 19:28:01,CH,2,11.93
2678441,-0.021840000000000005,2018-02-08 13:30:12,GB,3,-0.09
2685231,-6.16790596490001,2018-02-09 12:25:54,FR,3,-24.67
2697940,-10.553269904999986,2018-04-16 14:33:33,NL,1,-126.64
2698115,0.1578475251875,2018-03-26 13:32:30,GB,2,0.95
2701342,-0.13394,2018-04-04 13:49:06,GB,1,-1.61
2708307,-0.3494,2018-04-18 15:01:26,GB,1,-4.19
2710890,0.04219412934,2018-02-28 14:47:35,NL,3,0.17
2711684,0.0109608,2018-02-16 09:53:27,GB,3,0.04
2714096,-0.0990008192399999,2018-04-12 19:36:43,FR,1,-1.19
271602,0.2085500814900001,2018-03-07 07:17:30,GB,2,1.25
2723764,0.7896066599999998,2018-02-07 14:10:08,GB,3,3.16
273062,-0.0597176772899999,2017-10-20 06:49:58,EE,7,-0.1
273605,0.05774,2018-03-07 22:44:10,GB,2,0.35
2739529,-8.377547179999992,2018-03-07 20:18:13,BE,2,-50.27
2765204,-0.03915385398,2018-04-05 09:41:08,GB,1,-0.47
2777949,-0.47056527137000226,2018-03-27 09:38:40,CZ,2,-2.82
2785814,-0.81803094,2018-04-16 16:35:11,FR,1,-9.82
2786227,-4.996493688,2018-02-27 13:36:15,GB,3,-19.99
278970,-0.1558102737999999,2018-03-07 13:14:51,HU,2,-0.93
2798731,-5.685982941899999,2018-03-09 16:27:25,GB,2,-34.12
2805314,-0.1601440916999998,2018-04-25 16:58:27,GB,1,-1.92
2813543,-4.40873562669,2018-03-08 20:53:35,CH,2,-26.45
2823487,-0.8392962059200024,2018-02-07 12:34:42,GB,3,-3.36
283557,-0.0388,2018-02-09 15:49:45,GB,3,-0.16
2836353,0.07126371712,2018-03-17 12:35:00,CZ,2,0.43
28567,7.734681568899964,2018-02-27 13:35:37,HU,3,30.94
2869668,1.3627999999999998,2018-04-18 19:09:02,ES,1,16.35
287519,-1.5858181552799993,2018-03-26 14:29:22,GB,2,-9.51
2879856,0.0004724690699999,2018-04-04 20:42:39,ES,1,0.01
2880688,-4.7541181870199996,2018-02-06 15:41:54,DE,3,-19.02
288147,-4.181007134429471,2018-02-26 12:34:20,AT,3,-16.72
2885617,-0.05814213048,2018-02-07 13:46:01,DE,3,-0.23
289991,0.28281173225,2018-03-20 09:40:38,EE,2,1.7
292017,-9.516875270749999,2018-03-15 17:07:37,PT,2,-57.1
2923853,0.47246972803000004,2018-02-08 02:28:15,ES,3,1.89
2928686,-2.3994153415,2018-04-17 07:35:57,MT,1,-28.79
2930716,9.222849821130023,2018-02-23 10:00:50,RO,3,36.89
2937915,-2.46545985,2018-04-11 10:33:58,DE,1,-29.59
2938385,-0.4296699492999999,2018-03-23 16:50:35,FR,2,-2.58
2939281,0.09075336334000031,2018-03-27 14:27:12,HR,2,0.54
2944027,0.9906259974300001,2018-03-12 22:24:15,IT,2,5.94
2953229,0.789612,2018-03-20 06:54:32,CH,2,4.74
2954540,-9.17551046268,2018-02-28 14:09:00,FR,3,-36.7
2955123,-0.0162,2018-02-28 20:09:06,GB,3,-0.06
2965139,-4.9309197000000005,2018-03-08 15:49:16,GB,2,-29.59
2978782,0.7386,2018-03-16 13:48:35,GB,2,4.43
2984008,-0.8924509932909996,2018-02-15 17:31:17,IE,3,-3.57
2990525,-14.85208472223,2018-01-09 13:47:12,GB,4,-44.56
2993163,-2.7543847,2018-03-07 21:17:13,IE,2,-16.53
3008828,-10.724408398863991,2018-02-22 22:33:03,GB,3,-42.9
3012443,-7.831391025719994,2017-10-26 09:02:34,EE,7,-13.43
3017807,-7.3768861444199825,2018-01-14 00:35:17,GB,4,-22.13
3017961,-4.740871546689998,2018-02-08 22:05:13,GB,3,-18.96
3020613,1.0186084899499999,2018-04-16 12:47:34,GB,1,12.22
3024622,-9.837103888560002,2018-03-07 16:21:24,DE,2,-59.02
3028915,-0.1524,2018-04-18 17:38:11,FR,1,-1.83
304023,1.4576798174700012,2018-04-05 15:28:37,GB,1,17.49
3062755,-0.62904297,2018-04-04 18:06:19,PT,1,-7.55
3068404,0.12002,2018-02-03 18:18:47,DE,3,0.48
306945,-1.8509219372399996,2018-03-27 10:06:43,GB,2,-11.11
3075121,-1.9530870564499998,2018-03-14 12:47:11,GB,2,-11.72
308389,0.10983842935,2018-01-18 16:25:00,GB,4,0.33
30881,-7.307209250999996,2018-01-11 11:30:15,GB,4,-21.92
309016,-0.6867394706750001,2018-01-29 20:03:40,FR,4,-2.06
3090965,-0.7412599999999998,2018-03-20 15:38:27,GB,2,-4.45
3097829,0.04637422903999981,2018-02-27 09:39:45,NO,3,0.19
3111755,0.1456916527124996,2018-04-13 14:47:42,GB,1,1.75
3113344,0.033085044269999996,2018-02-20 14:38:23,IT,3,0.13
3115651,-1.5116,2018-03-08 20:45:51,GB,2,-9.07
31185,-3.0385689946299994,2018-03-06 17:08:51,CH,2,-18.23
3133886,-0.0349,2018-04-25 11:57:24,GB,1,-0.42
3151007,-0.06297067788750077,2018-02-05 16:36:48,HR,3,-0.25
3160752,-0.5875895972999993,2018-03-26 16:48:27,IE,2,-3.53
317093,-1.1625379680750005,2018-01-15 11:47:16,GB,4,-3.49
319063,2.4228990576000005,2018-01-22 11:59:23,GB,4,7.27
3195667,-0.1011892695839999,2018-04-20 13:21:30,PL,1,-1.21
3199816,0.12321256696999949,2018-02-22 10:26:09,FR,3,0.49
320033,-3.8310179615999997,2018-03-14 17:29:37,PT,2,-22.99
3207441,1.623087748150001,2018-02-05 19:46:40,FR,3,6.49
3223048,-7.895585717299998,2018-03-06 15:08:21,IE,2,-47.37
3226369,-5.721844756587502,2018-03-01 06:31:01,GB,2,-34.33
3226938,-3.1826012703,2018-02-14 21:44:25,GB,3,-12.73
323228,25.180120304474965,2017-10-20 12:28:03,GB,7,43.17
3236132,0.87807983125,2018-01-15 16:39:51,GB,4,2.63
3237027,0.08204,2018-04-20 15:26:18,GB,1,0.98
3237712,-1.30353532656,2018-02-08 17:17:32,GB,3,-5.21
3240752,-0.651091,2018-03-08 12:38:16,GB,2,-3.91
3240776,-0.1863,2018-03-12 18:49:19,GB,2,-1.12
3243773,-0.0998609800199999,2018-02-08 06:43:47,FR,3,-0.4
3243847,0.271869295925,2018-02-22 17:42:18,ES,3,1.09
3249659,8.3610109073475,2018-02-07 17:30:02,SK,3,33.44
3255380,-0.1525380499999997,2018-02-13 02:49:11,IE,3,-0.61
3260326,-22.546245907440003,2018-02-09 17:55:26,GB,3,-90.18
3264900,0.5137882894000009,2018-03-15 20:31:31,HU,2,3.08
326643,-0.28935183628999916,2018-03-27 16:55:09,DE,2,-1.74
3267855,0.8503897936000018,2018-03-27 11:20:49,PL,2,5.1
3268618,0.1366,2018-02-13 13:33:27,GB,3,0.55
3272312,-0.2418,2018-04-07 15:33:11,GB,1,-2.9
3276128,2.0128910502000004,2018-03-07 18:24:07,FR,2,12.08
327652,0.47892747737999963,2018-03-11 07:49:19,CH,2,2.87
3278106,4.3851686912400005,2018-03-06 22:06:15,GB,2,26.31
3280937,1.32542411875,2018-02-02 21:37:03,EE,3,5.3
3290772,-5.69938056885,2018-03-26 13:28:22,GB,2,-34.2
3291202,-0.9692354271299995,2018-02-20 17:21:36,FR,3,-3.88
3291599,-7.835836301200004,2018-02-09 12:56:32,GB,3,-31.34
3293370,-0.5489199999999994,2018-03-23 12:10:31,GB,2,-3.29
3298080,-4.403349994163999,2018-02-23 10:48:52,SE,3,-17.61
3301020,-0.8077529980999992,2018-02-28 13:42:50,GB,3,-3.23
3301075,-0.0398240406,2018-04-11 19:37:25,RO,1,-0.48
3301201,3.12648,2018-02-05 18:17:16,GB,3,12.51
3302522,-0.2158999999999999,2018-03-27 09:35:01,GB,2,-1.3
3303805,2.216946365400001,2018-02-14 14:24:07,FR,3,8.87
3304286,6.636613048077502,2017-10-22 17:13:09,EE,7,11.38
3308146,-0.1524,2018-02-06 15:34:03,GB,3,-0.61
3311356,-10.309718833800002,2018-02-05 16:46:49,GB,3,-41.24
331290,-0.5012199999999998,2018-01-18 17:23:59,GB,4,-1.5
3316909,0.09415973919600115,2018-03-27 08:52:02,PL,2,0.56
331979,9.365157948659997,2018-03-06 15:25:25,FR,2,56.19
3321112,0.41628,2018-03-15 18:29:36,HU,2,2.5
3333378,0.5540427402,2018-03-08 12:53:41,IT,2,3.32
334114,-1.38737391,2018-02-27 09:41:44,DE,3,-5.55
3343809,-0.9365019623400006,2018-02-06 19:53:11,DE,3,-3.75
334590,0.0414866589,2018-02-06 17:43:20,GB,3,0.17
3356752,-9.702621286637523,2018-02-28 04:23:32,NL,3,-38.81
3357344,-0.2239695301799998,2018-03-09 17:45:06,NL,2,-1.34
336392,-0.75833094,2018-04-19 16:59:21,DE,1,-9.1
3372002,-3.3321476644200003,2018-04-16 17:39:06,ES,1,-39.99
3372217,0.0208361025,2018-01-29 12:22:24,CH,4,0.06
3374168,1.5201926607024996,2018-02-02 14:06:47,CH,3,6.08
338437,0.3500000000000001,2018-02-27 10:45:52,EE,3,1.4
3391729,-0.1027483060989999,2018-02-07 14:09:00,GB,3,-0.41
33930,-29.201445547337766,2018-01-11 15:07:03,GB,4,-87.6
3397793,-0.0388,2018-02-08 15:33:45,GB,3,-0.16
3397820,-7.07961805764,2018-04-05 15:57:42,SE,1,-84.96
340363,0.3773640990010062,2018-01-11 14:00:40,GB,4,1.13
3407743,0.052982271525,2018-02-28 11:49:15,NL,3,0.21
3410182,0.13595251536000016,2018-03-07 13:21:05,ES,2,0.82
3412812,0.1916,2018-02-08 16:12:59,GB,3,0.77
341763,-12.369669170601485,2018-02-20 10:08:51,GB,3,-49.48
3427431,-1.273656944074999,2018-02-06 11:38:42,ES,3,-5.09
3428945,25.92042256311251,2018-01-29 13:01:06,ES,4,77.76
3439814,-0.2224,2018-03-09 20:22:15,GB,2,-1.33
34466,-0.2449152554999998,2018-02-02 14:25:11,GB,3,-0.98
3448401,-29.985393572046497,2018-02-14 17:10:23,GB,3,-119.94
3454190,-11.772512277779992,2017-10-20 06:40:34,EE,7,-20.18
3454270,-0.080917388,2018-03-25 13:56:13,CZ,2,-0.49
3457122,-4.42891175829,2018-01-30 20:18:31,GB,4,-13.29
3457277,0.3133011576,2018-01-18 16:56:05,GB,4,0.94
3463058,-11.432601116319999,2018-02-27 11:37:48,GB,3,-45.73
347842,-1.15498995,2018-02-25 10:42:29,IT,3,-4.62
3484660,-0.5698982904040002,2018-02-14 22:48:51,SK,3,-2.28
349708,-3.9821217300000002,2018-02-07 12:46:52,MT,3,-15.93
3497940,-0.14802,2018-02-09 19:21:32,GB,3,-0.59
3502483,-0.0596042205,2018-04-10 21:47:23,NL,1,-0.72
3503534,-20.28915367526492,2018-03-12 12:48:48,DE,2,-121.73
3506168,-1.810532,2018-04-08 10:44:11,SE,1,-21.73
3510,1.33582,2018-04-07 20:16:46,GB,1,16.03
3514369,-3.91138984,2018-03-16 08:28:50,GB,2,-23.47
3520789,-8.4807758166,2018-03-13 15:39:09,ES,2,-50.88
352794,-0.0568869999999985,2018-03-08 14:02:44,GB,2,-0.34
3531830,3.378724385440003,2018-01-30 14:55:24,CZ,4,10.14
3537234,-0.6124126933099994,2017-10-25 15:29:03,ES,7,-1.05
3538658,-0.15154,2018-04-25 18:53:33,GB,1,-1.82
3551029,0.3565510253000008,2018-02-02 19:42:47,GB,3,1.43
35526,0.1108625,2018-03-06 20:48:25,ES,2,0.67
3572116,0.1381949738000005,2018-01-29 15:03:36,IT,4,0.41
3574728,2.270473544275,2018-02-10 10:58:39,GB,3,9.08
3578021,-0.05637196,2018-03-14 14:47:37,CH,2,-0.34
3581778,0.0413811176999999,2018-04-06 13:12:07,IE,1,0.5
3582149,0.12142383595,2018-02-27 10:29:01,CH,3,0.49
3585852,-71.16955805173991,2018-03-21 05:20:44,NL,2,-427.02
35934,0.0024143969999999,2018-02-27 13:59:34,HU,3,0.01
3596891,-0.29276000000000035,2018-03-15 16:47:52,GB,2,-1.76
360081,-0.08899991103,2018-04-18 16:24:50,DE,1,-1.07
360830,-0.4550200000000001,2018-03-28 11:30:03,GB,2,-2.73
362736,-0.2292611616400005,2018-03-27 21:13:32,NO,2,-1.38
363705,-7.608380516600002,2018-03-27 13:00:23,ES,2,-45.65
3649591,-0.0404045172,2018-03-19 22:06:20,IE,2,-0.24
3657935,0.14363065616999993,2018-04-20 18:01:34,FR,1,1.72
3658272,8.917902055755,2018-02-13 18:43:23,DE,3,35.67
3666678,-0.20143999999999992,2018-01-09 13:03:03,GB,4,-0.6
3667166,0.10182720147,2018-04-03 14:10:10,NL,1,1.22
367131,-0.03612,2018-04-25 10:03:06,GB,1,-0.43
3675422,-1.25371882845,2018-01-30 10:59:36,GB,4,-3.76
3675524,-1.02570198,2018-03-26 13:25:03,MT,2,-6.15
3678184,-3.245346340124941,2018-02-07 14:28:31,SE,3,-12.98
3681958,-9.72777777346,2018-02-12 19:09:36,GB,3,-38.91
3690541,-9.717012437197509,2018-03-06 15:09:08,DE,2,-58.3
3691988,0.15724456757000072,2018-03-27 09:49:24,DE,2,0.94
3696844,-1.0115822171000006,2018-03-06 19:18:10,CH,2,-6.07
3715463,0.1446229941500001,2018-03-26 14:06:00,GB,2,0.87
372077,-11.426513720834999,2018-02-13 08:35:24,GB,3,-45.71
3722287,-0.0299207579999999,2018-04-16 13:55:36,DE,1,-0.36
3726734,11.316651337557504,2018-02-28 13:31:41,DK,3,45.27
3736509,-6.484286242024998,2018-02-02 16:49:15,GB,3,-25.94
3738943,2.6888325966199997,2018-02-10 15:59:56,IE,3,10.76
3749671,-1.6090284378900002,2018-03-06 15:17:51,DE,2,-9.65
3757858,-3.417391692320004,2018-03-28 07:33:06,RO,2,-20.5
3760360,20.3651277263875,2018-02-09 13:44:10,GB,3,81.46
376317,4.36235900485,2018-02-16 11:10:02,ES,3,17.45
377391,-0.0126841040000001,2018-03-01 07:18:53,GB,2,-0.08
3776517,-19.778453821800003,2018-01-29 14:44:11,PT,4,-59.34
3781464,-11.69790456762,2018-03-27 16:47:29,GB,2,-70.19
3788649,1.0182907902199998,2018-03-07 17:03:05,GB,2,6.11
3792975,-0.6032199999999999,2018-03-23 03:40:39,GB,2,-3.62
3793230,-0.1243030593099998,2018-03-26 17:30:07,ES,2,-0.75
38116,0.027220434569999806,2018-01-11 14:16:05,GB,4,0.08
3814996,0.35155405234,2018-03-07 14:57:42,IE,2,2.11
3830213,-0.9287838588399994,2018-03-06 18:59:26,DE,2,-5.57
3834302,-1.23201498798,2018-02-15 19:59:06,GB,3,-4.93
3866895,-0.008900469,2018-03-10 18:10:05,GB,2,-0.05
3868440,0.4302585347399994,2018-02-01 18:55:39,GB,3,1.72
3870838,-6.400227151199985,2018-02-09 12:48:42,GB,3,-25.6
3886312,7.613628520715,2018-03-13 19:29:52,DK,2,45.68
388906,0.12272,2018-04-11 15:08:32,GB,1,1.47
3895731,-3.7978480889899977,2017-12-14 16:26:10,GB,5,-9.11
3896181,0.316131591,2018-03-06 15:15:31,GB,2,1.9
3898963,-2.0092450110599995,2018-04-01 04:44:24,GB,1,-24.11
3900025,-8.617211724625006,2018-03-24 16:40:03,ES,2,-51.7
3900566,9.82183457001,2018-03-10 00:37:31,GB,2,58.93
3907193,-1.5113730065000002,2018-02-28 11:07:14,GB,3,-6.05
3912333,-0.40893014273999967,2018-03-07 14:18:11,NL,2,-2.45
39143,-2.6065310154000008,2018-03-07 08:46:34,FR,2,-15.64
3917966,-0.4952200000000001,2018-02-06 16:23:30,GB,3,-1.98
3924843,-4.809442271499992,2018-01-09 13:37:03,GB,4,-14.43
3950391,-0.058625153669999805,2018-03-19 12:10:28,PT,2,-0.35
3957633,-3.82725273207,2018-02-02 08:24:02,GB,3,-15.31
3963134,0.6206670759899997,2018-03-25 09:49:03,CH,2,3.72
396911,2.4390206786499995,2018-02-28 20:28:50,CZ,3,9.76
3969293,-2.5613442443699994,2017-12-18 16:27:52,GB,5,-6.15
3971959,2.2695665810900003,2018-03-10 19:38:29,FR,2,13.62
3977546,-0.0712213292000001,2018-02-23 15:45:31,LV,3,-0.28
3999006,-2.5849214176799995,2018-03-06 23:29:52,FR,2,-15.51
4001873,-0.1316239978299997,2018-02-23 21:53:45,GB,3,-0.53
4006274,0.0820470215700001,2018-04-04 08:05:06,CH,1,0.98
4008776,0.1229599999999999,2018-04-25 11:51:56,GB,1,1.48
4020567,0.33672197180999985,2018-04-18 15:14:30,IE,1,4.04
402156,-0.15828,2018-03-01 16:18:17,GB,2,-0.95
402691,1.5916683711100001,2018-02-28 21:16:03,HU,3,6.37
4033623,-1.0744324904999998,2018-04-05 15:45:14,IE,1,-12.89
4043050,-0.26063999999999987,2018-02-09 14:01:11,GB,3,-1.04
404705,4.956418201820006,2018-02-12 15:33:47,DK,3,19.83
4052,-3.72083391427,2018-02-09 14:33:25,EE,3,-14.88
4070313,-0.40959999999999996,2018-02-13 11:20:01,GB,3,-1.64
4096989,0.47874840173999994,2018-02-22 12:22:12,GB,3,1.91
4099364,0.050640000000000004,2018-03-15 17:31:42,GB,2,0.3
41059,-3.5739799999999993,2018-01-15 17:14:52,GB,4,-10.72
4111876,-8.131834800000025,2018-01-29 22:51:29,GB,4,-24.4
4115104,-0.2224,2018-02-13 10:14:46,GB,3,-0.89
411578,-3.550928433900001,2018-04-18 15:29:10,DE,1,-42.61
4122558,-3.3724642491299996,2018-03-26 13:51:35,IE,2,-20.23
4129017,1.75292,2018-03-18 11:09:42,GB,2,10.52
4131520,0.9366120000000001,2018-04-06 11:01:38,CZ,1,11.24
413165,-0.13822,2018-03-02 17:13:23,GB,2,-0.83
4141201,-3.77840277843,2018-02-12 10:15:35,GB,3,-15.11
4141606,-1.3199849928,2018-03-17 10:05:44,GB,2,-7.92
4151866,-27.251700265875055,2018-03-16 17:48:02,EE,2,-163.51
4154194,10.643117772050001,2018-03-19 18:08:21,SE,2,63.86
41578,-24.858021974429995,2018-02-01 08:20:05,GB,3,-99.43
4163,-10.575748018558,2018-01-09 13:55:45,GB,4,-31.73
4168835,0.1398442858,2018-03-19 19:04:36,DE,2,0.84
4169160,-0.0558,2018-02-20 22:30:20,GB,3,-0.22
4169702,-3.6422,2018-04-14 15:00:14,GB,1,-43.71
4171455,0.0810198438499998,2018-03-21 15:12:47,DE,2,0.49
4173766,-8.00121245745,2018-02-28 13:51:47,GB,3,-32.0
4199924,-0.33433999999999997,2018-03-09 16:31:02,IE,2,-2.01
4200893,-21.43362603402502,2018-02-08 15:55:01,GB,3,-85.73
4202256,-0.267009359999996,2018-02-08 22:07:46,GB,3,-1.07
4208396,1.0086603829999998,2018-02-03 21:11:13,GB,3,4.03
4214923,1.0812,2018-03-14 09:13:08,ES,2,6.49
4220901,-47.571465263667434,2018-01-29 15:47:38,RO,4,-142.71
4223745,-2.7682565519924607,2018-02-23 15:44:16,RO,3,-11.07
4224868,-0.48075999999999997,2018-01-18 15:43:53,GB,4,-1.44
423417,0.0715415276249997,2018-03-06 17:25:33,CH,2,0.43
423888,0.6362855071199995,2018-02-09 14:36:26,FR,3,2.55
424577,-1.187324,2018-01-11 13:54:48,GB,4,-3.56
4278614,-0.4675145508599997,2018-02-01 19:54:43,FR,3,-1.87
4280111,1.2258802551875,2018-03-17 05:59:13,GB,2,7.36
4285589,-0.722654630000001,2018-03-13 18:51:34,HR,2,-4.34
4286276,-9.971686125137488,2018-02-17 21:59:47,GB,3,-39.89
428822,-5.707481570419981,2018-01-26 17:50:33,EE,4,-17.12
4296451,7.131869217500013,2018-03-26 14:15:06,HU,2,42.79
4298817,39.36012631869247,2018-01-29 13:33:58,DE,4,118.08
430049,-0.0491467677750001,2018-03-14 08:05:12,CH,2,-0.29
4301007,1.8612359448900004,2018-02-14 08:19:57,NL,3,7.44
4302397,-0.2565992264,2018-03-09 16:54:16,GB,2,-1.54
4318370,0.1731333897500001,2018-03-14 07:32:35,HU,2,1.04
432935,9.476669965450002,2018-03-06 16:24:58,GB,2,56.86
4329933,-0.0095337161999999,2018-02-06 23:29:38,GB,3,-0.04
433250,-11.105748500523982,2018-03-06 19:40:13,CZ,2,-66.63
4335603,-0.07218000000000001,2018-04-16 01:25:03,GB,1,-0.87
4342198,-0.1166337021900003,2018-01-29 13:29:51,FR,4,-0.35
4345008,-0.9280298036250054,2018-02-08 16:33:30,EE,3,-3.71
4358038,-2.6431410770999895,2018-04-16 11:59:14,SE,1,-31.72
4372870,5.620964181639957,2018-01-29 17:11:22,GB,4,16.86
4376754,-0.13273223342,2018-02-28 11:00:18,NL,3,-0.53
4379705,13.901571250249999,2018-02-09 14:10:24,GB,3,55.61
4384129,-1.45602,2018-04-15 20:14:50,GB,1,-17.47
4384430,1.49199512601,2018-03-13 15:52:55,PT,2,8.95
43889,-3.1129975848199996,2018-01-19 09:11:31,GB,4,-9.34
43998,-0.2224,2018-01-24 16:53:25,GB,4,-0.67
4403033,0.4765758583499997,2018-03-17 12:56:58,GB,2,2.86
4420495,-2.49532688,2018-04-14 21:34:10,GB,1,-29.94
4439212,-4.4311647,2018-04-18 16:31:43,DE,1,-53.17
4439796,5.3920160906624925,2018-03-07 20:23:24,AT,2,32.35
4461109,-0.7881090000000001,2018-03-03 10:19:39,GB,2,-4.73
4463888,-1.00953224096,2018-04-04 19:55:31,GB,1,-12.11
4475246,-0.3244,2018-04-18 18:48:58,GB,1,-3.89
4475527,40.18480386805096,2018-02-06 16:12:03,GB,3,160.74
448597,-2.7926185830000003,2018-01-12 11:52:57,GB,4,-8.38
4487201,-0.12064397978,2018-03-08 15:00:11,GB,2,-0.72
4487417,1.4397872552249893,2018-01-21 03:22:18,GB,4,4.32
44890,4.877756762989995,2018-01-11 13:59:42,GB,4,14.63
4489097,-11.915888,2018-01-29 18:29:57,IT,4,-35.75
4491216,1.8814533362500023,2018-02-02 12:47:22,ES,3,7.53
4498811,2.7878538827625,2018-03-15 19:12:09,GB,2,16.73
4508709,0.4538826107499874,2018-03-26 14:46:13,RO,2,2.72
4518504,0.08016,2018-04-04 19:57:22,GB,1,0.96
4523762,-7.632024702712508,2018-01-15 16:05:56,HU,4,-22.9
4523778,-0.2288302229999999,2018-04-18 15:22:45,AT,1,-2.75
4523854,-1.2071141471699995,2018-03-28 15:01:23,GB,2,-7.24
4525862,-0.082,2018-04-19 18:24:15,GB,1,-0.98
4531948,-0.1928,2018-03-19 09:24:12,GB,2,-1.16
4539,-4.11160357362,2018-02-03 22:59:36,GB,3,-16.45
4543576,1.3709044248124995,2018-02-08 18:59:08,FR,3,5.48
4547090,3.549057060425,2018-03-12 15:30:23,DK,2,21.29
4547401,-0.3432588151999998,2018-01-18 18:51:52,GB,4,-1.03
4547606,-3.8637745199999998,2018-03-26 18:00:37,GB,2,-23.18
4547789,0.1111715760519969,2018-03-28 16:26:44,PL,2,0.67
4549839,-0.0022,2018-02-13 17:22:38,GB,3,-0.01
455002,22.34251400681,2018-02-09 13:15:14,GB,3,89.37
4554069,-0.00346,2018-03-19 11:47:46,GB,2,-0.02
4557034,-2.0056159806,2018-03-26 13:40:28,EE,2,-12.03
4557186,0.9097443451199998,2018-02-05 15:51:21,NL,3,3.64
4561745,0.9978974495,2018-01-18 19:40:04,GB,4,2.99
4565326,-0.2438837399999999,2018-02-09 20:12:09,DE,3,-0.98
4569884,-0.9439270171999992,2018-01-29 14:08:40,EE,4,-2.83
4569932,-0.049621782,2018-01-29 13:52:06,EE,4,-0.15
4571589,-4.788878835000001,2018-02-27 10:18:01,ES,3,-19.16
4577354,-1.9197265053324999,2018-03-24 18:14:37,GB,2,-11.52
4577545,-0.05034737775,2018-01-26 11:39:52,EE,4,-0.15
4577629,-1.9738030928639978,2018-03-16 17:34:01,PL,2,-11.84
4591824,-0.7327799999999997,2018-03-15 07:32:33,GB,2,-4.4
4594744,0.0014754548699998996,2018-04-18 16:27:45,PT,1,0.02
4597644,-55.24297147375093,2018-02-28 11:04:10,GB,3,-220.97
4607392,0.3645692189729999,2018-03-16 14:42:21,NL,2,2.19
4608449,-5.89399179141,2018-02-26 11:31:06,GB,3,-23.58
4610531,-19.87970420391,2018-01-26 13:46:20,GB,4,-59.64
4611134,1.5763330474999997,2018-02-12 23:09:07,GB,3,6.31
4615584,9.7679818509,2018-02-12 15:34:15,GB,3,39.07
4621154,-1.4410109496799994,2018-03-12 13:22:35,DE,2,-8.65
4625074,-3.183964572035027,2018-01-29 21:42:06,GB,4,-9.55
4626077,-0.2203649392499999,2018-04-13 08:52:55,IE,1,-2.64
4630444,-0.01692127459,2018-03-23 07:30:16,HU,2,-0.1
4632139,-0.0495426261,2018-02-27 11:07:15,GB,3,-0.2
4633632,-33.75650713138197,2018-03-29 09:30:24,FR,2,-202.54
4634289,-4.9414008947040005,2018-03-07 17:36:03,DE,2,-29.65
4635824,-8.134474809,2018-02-07 14:06:56,GB,3,-32.54
4640135,-0.2097474074399999,2018-02-09 17:09:55,IT,3,-0.84
4645634,-21.129232965579998,2018-02-09 14:58:47,GB,3,-84.52
4653662,-9.02599013778,2018-02-09 13:22:20,GB,3,-36.1
465550,-1.396645853310001,2018-02-08 14:59:48,GB,3,-5.59
4660431,-0.0574,2018-03-26 13:32:01,GB,2,-0.34
4665703,0.3857333293749952,2018-02-12 21:42:15,GB,3,1.54
4666672,-4.000483966973948,2018-03-13 15:55:47,GB,2,-24.0
4666859,0.0007199999999999,2018-03-20 20:19:44,GB,2,0.0
4668922,0.4204324916800002,2018-03-24 08:03:15,CH,2,2.52
4673495,2.03344737375,2018-03-26 18:42:56,PL,2,12.2
4673539,0.06138821118,2018-03-07 13:09:22,GB,2,0.37
4682721,-0.6022199999999999,2018-03-06 21:54:32,GB,2,-3.61
4685831,-0.75833094,2018-03-14 14:50:57,NL,2,-4.55
4687175,3.1547659210199996,2018-03-12 23:04:33,DE,2,18.93
469073,0.17441620292000118,2018-01-11 13:57:47,GB,4,0.52
4690864,-1.51146618,2018-02-26 15:20:51,PT,3,-6.05
4707718,-2.157474999999998,2018-03-07 23:55:01,GB,2,-12.94
4709656,-10.515819972420001,2018-02-22 17:00:59,FR,3,-42.06
4714854,-0.0409549038239999,2018-03-31 21:52:25,PL,2,-0.25
4715498,6.146455665322493,2018-02-27 10:41:19,IT,3,24.59
4715942,-0.038,2018-04-25 15:27:18,GB,1,-0.46
4716063,3.8614716828099986,2018-03-04 19:26:20,GB,2,23.17
4717031,0.0960864427999997,2018-03-06 15:06:17,CZ,2,0.58
4719516,-0.049621782,2018-03-09 15:31:04,DE,2,-0.3
4719727,-0.2542830202500001,2018-03-14 07:08:00,RO,2,-1.53
4724017,1.3030181881099943,2018-02-28 10:41:29,CZ,3,5.21
472531,-2.07858540726,2018-03-03 08:11:18,ES,2,-12.47
47289,-2.994244158000013,2018-03-09 16:28:16,GB,2,-17.97
4732574,0.2463392367,2018-03-08 15:10:46,FR,2,1.48
4735097,-1.34741600857,2018-04-14 13:56:23,DE,1,-16.17
473854,0.18931728270000056,2018-03-22 10:26:15,ES,2,1.14
4747899,4.3140511357875,2018-03-12 02:22:29,FR,2,25.88
4748507,0.1205999999999999,2018-03-27 09:57:50,NL,2,0.72
4749112,-0.2574642822099998,2018-03-20 14:13:04,EE,2,-1.54
4749449,-49.6615448271925,2018-02-14 14:32:41,GB,3,-198.65
4750485,-2.6192400893999994,2018-02-23 15:49:43,GB,3,-10.48
4750583,-0.148310778515,2018-03-15 20:00:04,SK,2,-0.89
4752854,0.22694550703749994,2018-02-26 16:35:12,GB,3,0.91
4757106,0.14761749999999996,2018-02-28 11:08:44,NL,3,0.59
4759173,-0.0073857786,2018-04-18 19:18:50,FR,1,-0.09
4766367,-0.0812549991699999,2018-03-07 18:01:03,GB,2,-0.49
4766862,-0.0666051968999999,2018-03-19 19:05:07,GB,2,-0.4
4768327,-0.8517906345899955,2018-03-06 15:21:27,HU,2,-5.11
4768693,-5.191035882149998,2018-03-15 12:58:06,GB,2,-31.15
4773232,-3.07710594,2018-02-28 17:38:10,GB,3,-12.31
4782044,-6.41798662419606,2018-03-27 10:21:21,DK,2,-38.51
478221,-0.5788103609399997,2018-03-17 12:19:23,GB,2,-3.47
4788031,0.04968490344,2018-03-24 17:45:54,DE,2,0.3
4790610,-2.6392695749999957,2018-04-25 20:27:25,GB,1,-31.67
4793429,-1.41135616484,2018-03-13 21:07:43,GB,2,-8.47
4795705,-0.5414188189499998,2018-03-26 13:47:57,DK,2,-3.25
4797464,4.1773925,2018-03-24 07:11:12,GB,2,25.06
4803153,-0.0396129582,2018-03-13 20:30:42,ES,2,-0.24
4805766,0.5570900381599978,2018-03-06 15:14:56,DE,2,3.34
4806254,0.16766429125000049,2018-03-16 14:54:55,SE,2,1.01
4808409,-0.0829226291699998,2018-03-19 19:09:04,DE,2,-0.5
4810771,2.5994083530000056,2018-02-27 16:19:53,DE,3,10.4
4815256,-1.59438630063,2018-02-27 16:08:00,FR,3,-6.38
4818262,1.33430598,2018-02-27 12:58:14,CH,3,5.34
4821409,1.3195189999999997,2018-03-25 08:46:23,CH,2,7.92
4824028,0.020019574999999908,2018-03-20 12:31:09,CH,2,0.12
4827525,-14.11356814917,2018-02-27 13:39:54,GB,3,-56.45
4828828,0.2882833875000001,2018-03-17 10:12:10,GB,2,1.73
4830013,-0.2454,2018-04-16 12:52:11,GB,1,-2.94
4831913,-0.3217780820974992,2018-03-15 16:42:34,FI,2,-1.93
4833572,1.017294065,2018-03-10 10:48:09,GB,2,6.1
4837940,-23.831148325512462,2018-02-27 20:09:37,CH,3,-95.32
4839871,-0.0597,2018-02-27 14:40:00,IT,3,-0.24
4845169,1.4626013999999525,2018-03-09 19:04:37,CZ,2,8.78
4845734,0.6481307867999998,2018-03-16 06:20:33,GB,2,3.89
4846312,2.4676616050499773,2018-03-15 11:05:33,NL,2,14.81
4847176,-2.89738447431,2018-03-06 15:58:48,GB,2,-17.38
4849137,-1.3619004876500005,2018-03-13 18:07:00,NO,2,-8.17
4849279,-0.5933637400000009,2018-04-06 10:00:21,RO,1,-7.12
4854748,-0.62904297,2018-04-07 17:41:04,DE,1,-7.55
4863765,-0.9371473365500002,2018-03-16 13:39:34,FR,2,-5.62
4866330,-0.0034961525,2018-03-15 13:13:04,IT,2,-0.02
4870913,-2.8494018299149424,2018-03-14 05:17:13,CZ,2,-17.1
4871193,4.74886114105,2018-03-13 15:46:43,FR,2,28.49
4876373,-0.1646999999999999,2018-04-18 17:09:03,GB,1,-1.98
4877793,-0.22162776571497178,2018-03-13 18:35:53,RO,2,-1.33
4880264,17.476895620600008,2018-03-15 16:45:44,GB,2,104.86
4880667,-10.476164904074999,2018-03-13 15:22:16,NL,2,-62.86
4882409,-0.0053750799999999,2018-03-28 08:58:00,CZ,2,-0.03
4883006,0.7785335488700003,2018-03-21 12:53:42,NL,2,4.67
4883648,-0.3659562102050022,2018-03-18 18:40:27,RO,2,-2.2
4889937,-0.3837000000000002,2018-03-13 15:41:42,GB,2,-2.3
4894179,0.0602519193799997,2018-03-13 15:20:09,HU,2,0.36
48988,0.3196143909749999,2018-02-16 09:03:58,GB,3,1.28
4908452,1.9368629662500003,2018-04-16 15:14:23,CH,1,23.24
4915416,-0.62904297,2018-03-28 09:36:20,FR,2,-3.77
4920637,-13.767519554112486,2018-03-27 11:28:04,DE,2,-82.61
4922511,-1.9792760707200001,2018-03-26 18:10:02,PL,2,-11.88
4922923,-3.78942841428,2018-03-27 10:29:21,PT,2,-22.74
4923650,-0.07954254,2018-03-25 13:40:12,MT,2,-0.48
4924447,-0.4009599999999998,2018-04-06 02:42:22,GB,1,-4.81
4932568,-0.56650311347,2018-03-15 10:31:38,GB,2,-3.4
4934878,-2.4708246500000213,2018-03-13 15:31:11,GB,2,-14.82
4935121,3.5257000000000005,2018-04-16 12:16:16,CH,1,42.31
4936361,2.8498399999999995,2018-03-27 13:22:14,CH,2,17.1
4945338,0.5266331699999999,2018-03-23 14:30:30,GB,2,3.16
4945573,0.65348291709,2018-03-15 12:17:13,DE,2,3.92
4946168,-0.0498064791,2018-04-16 16:23:50,GB,1,-0.6
4946300,-0.0344999999999999,2018-03-15 16:35:00,GB,2,-0.21
4950484,-1.1628538476,2018-04-16 09:23:07,DE,1,-13.95
4953908,-1.15384993284,2018-04-21 13:55:14,PT,1,-13.85
4958716,-0.0286067953,2018-04-09 08:18:16,CH,1,-0.34
4961026,-0.093074425875,2018-03-26 13:40:35,DE,2,-0.56
4962652,-0.04996215237,2018-03-27 11:16:52,HR,2,-0.3
4965216,-0.6885416493,2018-03-28 04:37:11,ES,2,-4.13
4969552,-0.2224,2018-04-04 12:56:58,GB,1,-2.67
4969699,-0.4284368505599997,2018-03-27 19:42:02,PL,2,-2.57
4970421,-7.646139232037556,2018-03-28 18:49:40,GB,2,-45.88
4973587,-0.0393748994999999,2018-03-20 11:11:28,RO,2,-0.24
4979689,0.2163872228999998,2018-04-16 12:25:58,NL,1,2.6
4983650,0.5867218256999998,2018-04-16 13:36:51,CH,1,7.04
4984155,-0.013912594049999893,2018-04-18 16:50:37,IT,1,-0.17
4989109,-13.290491904562518,2018-03-26 14:00:21,GB,2,-79.74
4992380,6.862805763937501,2018-04-13 13:56:05,GB,1,82.35
4995789,-0.03977127,2018-03-29 19:05:01,FI,2,-0.24
4998207,-0.1294175614999999,2018-03-27 10:24:34,NL,2,-0.78
500682,12.899022509890003,2018-02-13 13:31:54,FR,3,51.6
5006905,0.8438998455000005,2018-04-15 12:43:22,GB,1,10.13
5007679,-0.223636747104,2018-03-27 10:49:53,PL,2,-1.34
5007787,5.45592278,2018-03-27 17:44:26,CH,2,32.74
5008952,6.9630876107,2018-04-07 07:29:37,CH,1,83.56
5011512,0.13739185499999998,2018-03-26 16:43:16,GB,2,0.82
50118,-0.021,2018-01-12 16:48:27,GB,4,-0.06
5011842,-0.0447599999999999,2018-04-14 07:43:31,GB,1,-0.54
5015887,-0.3220820000000001,2018-03-26 16:30:29,GB,2,-1.93
5015973,-0.7216008804,2018-04-06 14:41:36,IT,1,-8.66
5032117,-0.6723906749999984,2018-04-09 15:38:50,GB,1,-8.07
5035659,-1.098046936710997,2018-04-13 19:35:47,PT,1,-13.18
5036875,0.1415399999999999,2018-04-05 17:17:48,GB,1,1.7
5037049,4.685349118775,2018-04-05 05:11:18,GB,1,56.22
5037471,-1.2206499909500157,2018-04-06 12:36:51,GB,1,-14.65
5037771,-0.1792599999999998,2018-04-18 15:42:47,GB,1,-2.15
5041482,-8.524441255265037,2018-04-02 07:40:56,RO,1,-102.29
5051898,0.0765919416,2018-04-08 23:26:20,NL,1,0.92
5058021,0.8524944,2018-04-14 01:06:36,CH,1,10.23
5066020,-1.15498995,2018-04-18 21:18:45,LT,1,-13.86
5069128,0.23787999999999992,2018-04-11 21:15:17,GB,1,2.85
5073237,-3.1804309470000005,2018-04-06 13:15:32,DE,1,-38.17
5074276,-0.0424434700000005,2018-04-04 18:40:41,DK,1,-0.51
5078456,-4.99922834705,2018-04-16 10:49:37,DE,1,-59.99
5078541,0.301981745,2018-04-11 17:38:59,DE,1,3.62
507891,-0.8835600000000001,2018-02-25 12:40:29,GB,3,-3.53
5083173,3.045675219,2018-04-18 23:55:25,GB,1,36.55
5083363,-2.0702340000000015,2018-04-17 11:14:02,CZ,1,-24.84
5091325,-0.43516,2018-04-20 09:13:47,GB,1,-5.22
5101162,0.021859999999999814,2018-04-17 08:57:03,GB,1,0.26
5123303,0.1609217829375,2018-04-16 10:33:24,GB,1,1.93
5141198,0.011900000000000098,2018-04-19 08:22:03,GB,1,0.14
5145304,2.000828,2018-04-13 12:46:42,CH,1,24.01
5145492,0.12430406091000026,2018-04-19 13:14:23,MT,1,1.49
5150931,-0.0499647909,2018-04-18 15:03:28,BE,1,-0.6
5157160,-0.0572,2018-04-17 15:26:40,GB,1,-0.69
5158400,-0.0557,2018-04-17 12:22:03,GB,1,-0.67
5163896,-0.17428,2018-04-18 15:50:04,GB,1,-2.09
5165922,-0.0306379176,2018-04-25 11:09:00,DE,1,-0.37
5171998,-0.0584,2018-04-25 18:42:35,GB,1,-0.7
5182333,0.0203,2018-04-25 15:45:36,GB,1,0.24
5206257,0.35807488000000004,2018-04-24 18:21:24,CH,1,4.3
521037,-0.3605982390000001,2018-03-28 06:08:23,GB,2,-2.16
5234669,-0.46429999999999993,2018-04-24 12:48:31,FR,1,-5.57
5243274,-0.04496,2018-04-25 12:44:59,GB,1,-0.54
525759,-1.15756,2018-03-19 12:41:24,GB,2,-6.95
529125,-0.334899228,2018-01-11 08:00:15,GB,4,-1.0
532340,-2.814729900000004,2018-01-14 21:33:41,GB,4,-8.44
538094,1.7198643870000003,2018-04-02 11:58:14,SE,1,20.64
544050,-2.7918708279900004,2018-03-08 12:05:25,GB,2,-16.75
54819,-2.316602438100001,2018-04-09 16:43:21,CH,1,-27.8
549677,-8.942477991330016,2018-02-21 18:16:17,GB,3,-35.77
556746,1.74094,2018-04-11 12:51:29,GB,1,20.89
557178,-0.029833233009999998,2018-02-21 10:37:50,GB,3,-0.12
55748,15.896145283616514,2018-02-15 16:23:53,CH,3,63.58
559862,-0.00314,2018-02-27 14:15:22,GB,3,-0.01
56342,-2.403161671879999,2018-01-29 07:11:55,EE,4,-7.21
56373,-1.0567567659000097,2018-04-17 10:50:04,GB,1,-12.68
565296,0.9694271600000001,2018-03-13 19:11:20,CH,2,5.82
565512,-0.2224,2018-03-04 09:58:55,GB,2,-1.33
569744,0.2220432,2018-03-26 12:34:58,CZ,2,1.33
5703,-3.1606243818000004,2018-01-18 19:26:54,GB,4,-9.48
57217,-0.041,2018-01-28 14:38:23,GB,4,-0.12
57331,0.00471277564,2018-01-29 12:15:59,HU,4,0.01
57484,0.61029899202,2018-03-23 14:38:19,DE,2,3.66
576528,-0.556332384029999,2018-04-03 23:39:27,ES,1,-6.68
580510,0.9937361727999999,2018-02-27 09:45:02,GB,3,3.97
587869,-6.882912049999986,2018-01-18 17:27:57,GB,4,-20.65
59794,43.79434525145744,2018-02-07 12:35:20,FI,3,175.18
605111,-0.7199013596999994,2018-02-15 13:13:37,EE,3,-2.88
607689,-3.8162814966,2018-04-15 17:40:21,DE,1,-45.8
615845,-0.5405164876899998,2018-03-13 19:59:03,HU,2,-3.24
621888,-0.5604577840200002,2018-01-11 13:53:03,GB,4,-1.68
622513,-1.9953626873000003,2018-03-18 10:26:37,CH,2,-11.97
62479,-4.835343295999995,2018-02-02 16:24:41,GB,3,-19.34
631967,16.070551427275,2018-03-01 14:03:35,GB,2,96.42
63360,-0.89641401,2018-03-26 13:30:54,FR,2,-5.38
63448,-1.4861745791399994,2018-02-24 15:02:09,GB,3,-5.94
640717,4.9565704929625,2018-02-15 16:27:26,GB,3,19.83
641075,-0.0207015599999999,2018-04-18 15:32:40,GB,1,-0.25
650364,0.015580000000000004,2018-02-12 17:29:48,GB,3,0.06
651475,-14.399498998600023,2018-02-02 15:00:52,ES,3,-57.6
65205,-2.0426652999999915,2018-03-09 14:13:56,SE,2,-12.26
653251,-41.07070789594502,2018-02-08 12:19:08,GB,3,-164.28
65542,-8.49019318277,2018-02-26 19:53:13,GB,3,-33.96
65624,23.2411519800025,2018-01-29 06:55:57,GB,4,69.72
661260,-1.78403292,2018-03-15 17:40:29,DE,2,-10.7
666898,-1.7660379917099998,2018-03-08 15:21:03,ES,2,-10.6
667113,-1.3725065824000031,2018-02-26 23:41:02,GB,3,-5.49
667333,-2.2632707720624983,2018-02-14 18:47:18,IE,3,-9.05
669966,-0.2357196099999998,2018-02-25 05:22:52,NL,3,-0.94
672802,-2.72090685633,2018-03-07 16:56:31,GB,2,-16.33
67925,1.8183766241,2018-01-21 17:16:27,GB,4,5.46
682168,-5.613307073430001,2018-03-17 20:10:57,ES,2,-33.68
683859,-6.2305362744,2018-03-20 20:17:03,GB,2,-37.38
68860,0.6730577951850002,2018-03-15 18:46:49,CH,2,4.04
692622,-0.0786266256900002,2018-03-27 10:09:42,GB,2,-0.47
699541,0.2409692045499999,2018-02-19 18:42:21,HU,3,0.96
70577,-11.656996212959998,2018-01-18 19:57:24,PL,4,-34.97
711554,-0.0024399999999999,2018-04-18 17:46:39,GB,1,-0.03
711555,-1.5393343321299997,2018-02-11 20:58:28,BE,3,-6.16
714774,-0.4942252751999998,2018-02-02 13:23:03,GB,3,-1.98
7162,-0.1392496631699999,2018-01-18 21:54:10,GB,4,-0.42
732188,-2.1439085857200006,2018-02-06 18:59:23,IT,3,-8.58
7325,0.09225291355001097,2018-01-18 18:25:41,GB,4,0.28
735640,-7.340531833687521,2018-02-01 20:12:52,DE,3,-29.36
740103,-8.638213800599999,2018-03-13 15:52:35,GB,2,-51.83
740329,-1.12865104575,2018-04-12 10:28:46,ES,1,-13.54
74055,-1.9374133949999999,2018-01-19 07:56:01,GB,4,-5.81
742475,5.6425837012925015,2018-01-27 23:13:51,EE,4,16.93
742861,-6.575444612119956,2018-01-29 12:22:43,CZ,4,-19.73
757202,4.308125376339999,2018-03-08 09:47:57,ES,2,25.85
757497,-4.001821220975524,2018-01-29 12:54:36,SE,4,-12.01
757717,-0.1216281531900001,2018-01-29 13:08:47,BE,4,-0.36
76736,15.3555876871875,2018-01-30 09:03:36,GB,4,46.07
771113,2.6684357898,2018-03-31 19:54:04,GB,2,16.01
782941,-1.1540133494999998,2018-02-24 12:13:46,GB,3,-4.62
78968,1.487497845,2018-02-06 15:21:14,ES,3,5.95
79973,-2.87365184536,2018-01-18 23:56:20,GB,4,-8.62
809189,17.776507761987503,2018-02-02 13:04:21,CH,3,71.11
809975,2.2721778252375002,2018-03-15 09:49:58,GB,2,13.63
816650,8.851462662900001,2018-01-12 11:17:26,GB,4,26.55
817103,-1.4176150003499999,2018-03-15 04:58:59,GB,2,-8.51
821093,-2.506979749999995,2018-04-19 13:31:24,DE,1,-30.08
822620,2.6944205626975,2018-02-08 15:37:04,US,3,10.78
82491,2.638186331799953,2018-03-15 16:25:38,GB,2,15.83
833933,0.8363087499999998,2018-02-15 13:52:00,IE,3,3.35
835826,-76.11501923288755,2018-03-14 14:44:59,GB,2,-456.69
838422,-2.6820391947499997,2018-02-07 17:27:54,GB,3,-10.73
83934,-0.0291196,2018-03-20 21:44:42,CH,2,-0.17
847267,0.61435,2018-04-06 05:17:43,DE,1,7.37
859818,-7.956791186879999,2018-03-07 23:56:53,GB,2,-47.74
86189,0.011064408,2018-03-07 01:21:58,GB,2,0.07
864625,-0.00981076185,2018-02-17 07:48:04,GB,3,-0.04
871136,1.10943825724,2018-03-26 20:06:09,ES,2,6.66
874790,-0.8085859691999999,2018-04-03 16:54:24,NL,1,-9.7
878038,-0.08249999999999999,2018-03-27 07:45:03,NL,2,-0.49
881964,-5.039207786999997,2018-01-18 17:19:31,GB,4,-15.12
8918,-2.735227754374999,2018-03-03 18:12:42,GB,2,-16.41
893943,-0.2159153444699996,2018-03-27 19:59:32,GB,2,-1.3
896732,0.1175652875,2018-03-08 15:16:07,ES,2,0.71
905004,-3.5842800028200017,2018-04-05 15:31:18,IE,1,-43.01
905013,-8.34217359,2018-02-20 09:28:28,ES,3,-33.37
906223,-2.530103835,2018-04-07 13:49:44,ES,1,-30.36
906847,-3.5581063948499967,2018-02-21 07:13:22,EE,3,-14.23
90942,-4.94430617369989,2018-01-23 09:53:53,GB,4,-14.83
91076,-0.083669,2018-03-02 09:37:45,GB,2,-0.5
91389,-3.2601767979040526,2018-01-21 20:37:46,GB,4,-9.78
91536,-0.0574,2018-04-18 17:33:43,GB,1,-0.69
91693,0.031945,2018-01-21 19:27:47,GB,4,0.1
918016,2.0789367327700012,2018-01-09 14:45:21,GB,4,6.24
920275,-0.6033,2018-03-21 14:46:03,GB,2,-3.62
92078,-0.057377127,2018-03-09 13:31:51,GB,2,-0.34
92203,-3.66353825583,2018-01-20 13:03:32,GB,4,-10.99
922411,-6.450884266685,2018-01-29 16:14:49,GB,4,-19.35
927049,0.8911745546649993,2018-02-24 06:43:11,DE,3,3.56
929239,-0.4688430712499995,2018-04-11 10:06:53,DE,1,-5.63
935197,-2.4789050824799994,2018-01-18 16:43:31,GB,4,-7.44
942914,-0.31234000000000006,2018-04-12 01:21:03,GB,1,-3.75
95016,-9.639402494453023,2018-03-09 23:11:44,NO,2,-57.84
954834,2.9604376725624997,2018-02-27 19:46:06,GB,3,11.84
967289,-0.0384648532499999,2018-04-11 19:53:26,PT,1,-0.46
973051,-1.5378284164160096,2018-03-16 07:46:00,RO,2,-9.23
978490,-0.01958,2018-04-25 08:43:44,GB,1,-0.23
97888,-16.740125799099978,2018-02-13 17:55:49,GB,3,-66.96
98013,-0.1524,2018-02-13 19:27:38,GB,3,-0.61
98098,-0.4131254239499996,2018-01-18 16:15:21,GB,4,-1.24
981579,-0.89641401,2018-02-22 20:18:09,NL,3,-3.59
983187,3.993912499999991,2018-04-15 14:15:16,HU,1,47.93
986127,0.16774,2018-03-27 11:07:38,GB,2,1.01
