card_token,card_owner_id,card_produced_time,profile_address_country,age_years,used_within_one_month
0088f13d-31fd-45bf-99fe-f0179c4f9b05,334114,2018-02-27 09:41:44,DE,49,False
008ad56e-e1c9-4910-9f68-6053b3dda584,816650,2018-01-12 11:17:26,GB,38,True
00acbd27-eef2-49d8-a2a8-b996c1ffcacc,4302397,2018-03-09 16:54:16,GB,32,True
013488d5-3f75-4b90-b763-834b873e643a,82491,2018-03-15 16:25:38,GB,38,False
014bd7a7-b911-4e38-aa45-eb392b0b1da2,3311356,2018-02-05 16:46:49,GB,48,True
0158c080-93d3-4e59-bad3-8d68c1b15979,4673495,2018-03-26 18:42:56,PL,60,True
01b11e30-4eca-410c-a9b0-133d505ee12c,74055,2018-01-19 07:56:01,GB,38,True
01e083e9-e429-477c-8155-bb3e90c44dff,4958716,2018-04-09 08:18:16,CH,30,True
020fb13a-d5b5-48c6-b514-4f48892c18bb,2378803,2018-03-13 20:31:35,CZ,26,True
0235ff90-c74d-4d32-ace8-b28152a2959b,55748,2018-02-15 16:23:53,CH,36,True
02804206-7153-4220-a7ea-50f420c5cd88,56373,2018-04-17 10:50:04,GB,37,True
0429d131-6523-4e47-97a0-e08a873fae24,4717031,2018-03-06 15:06:17,CZ,31,False
048baf32-f73d-40f3-aacf-99a3f26118cd,3924843,2018-01-09 13:37:03,GB,66,True
04c5d011-cc99-4070-ad6b-1ed2dd46b96a,3457122,2018-01-30 20:18:31,GB,32,True
053cff0d-4c8b-4bdd-886d-79933c1ea876,41059,2018-01-15 17:14:52,GB,36,False
05a7f94b-77c8-4dde-ad35-ad849e700cf9,4475246,2018-04-18 18:48:58,GB,24,True
05b18fa1-111a-40c8-8703-91fafce7661e,2161462,2018-04-16 14:00:39,FR,57,True
05d1f669-3a1d-45fb-a4aa-061dfde74876,169853,2018-02-06 15:42:43,CH,41,True
060f4c2f-45fa-42d1-96e1-284452bf1e80,216906,2018-01-22 16:32:32,GB,67,True
0645919b-f2b4-4369-a9dd-70e8325228be,308389,2018-01-18 16:25:00,GB,72,False
06590a3f-7ed7-404d-a483-a1bda56dfbd4,92078,2018-03-09 13:31:51,GB,42,True
067371e1-24a7-48b9-82eb-44189138b6a5,986127,2018-03-27 11:07:38,GB,68,True
067617aa-2fbc-49ea-82f2-82705d43de9e,4880667,2018-03-13 15:22:16,NL,29,True
0759443a-1edd-4ad8-919b-1f03b28a7b9a,1066081,2018-03-23 13:12:51,GB,42,False
07e7e829-fe2f-4913-a54a-f0388633cac3,3028915,2018-04-18 17:38:11,FR,64,True
07f3a4d4-1740-47b1-bbce-6586736e5e56,3658272,2018-02-13 18:43:23,DE,55,True
07f5e673-c318-4afe-aca5-26369edc7937,2342696,2018-03-16 21:32:58,GB,32,True
08084088-eba1-4d30-a2b3-81972d9c1abd,432935,2018-03-06 16:24:58,GB,50,True
083ed82e-f086-497a-a1da-1a4b60cb0022,5051898,2018-04-08 23:26:20,NL,26,True
084d21b9-9995-4a61-bc6c-bc3d6dfa80cd,1404015,2018-04-25 13:45:25,GB,46,True
08a8b9fe-3f67-4855-9d21-0a9c259c0f58,3900025,2018-03-24 16:40:03,ES,24,True
08b28dab-ef5e-4572-8b05-83de69b98b7c,2491787,2018-03-14 17:13:46,CZ,26,True
08ce2a1d-3111-48e1-8723-dc28ed24a149,2885617,2018-02-07 13:46:01,DE,35,True
09222682-27f6-4c89-969c-688aad50ea8a,2511649,2018-03-27 09:40:17,GB,43,True
09426faa-6310-4981-a88f-ec2faf23916c,287519,2018-03-26 14:29:22,GB,38,True
09a052a4-b25f-434c-8698-ef5bafbaa4f6,4461109,2018-03-03 10:19:39,GB,25,False
09cf53dc-dd14-40d9-9751-f073738f36b1,4335603,2018-04-16 01:25:03,GB,26,True
0a55fbf9-0350-4047-96f9-ace6942b132d,257058,2018-01-20 07:06:14,GB,29,False
0a6fe89d-9fb2-4799-a310-862db255d227,218383,2018-03-26 15:40:45,NL,42,True
0b7607ec-5c41-4aaa-b203-8c727a564bf6,1409137,2018-04-16 12:07:48,ES,27,True
0b898852-61a6-45ff-afa7-b3d023052006,2765204,2018-04-05 09:41:08,GB,28,True
0bdb3d94-5882-4f69-ab44-c3c0c79203c4,1381965,2018-02-14 11:39:33,GB,26,False
0c0a6b4d-1dde-42c2-976e-625c8d6b8423,5073237,2018-04-06 13:15:32,DE,35,True
0c53086f-6423-4612-ad7d-87e0eb9a7e30,4569932,2018-01-29 13:52:06,EE,33,True
0c5e5166-ef44-4d1b-80f2-77e1cf926843,1709134,2018-03-14 07:34:46,GB,33,False
0c7467bd-b22a-451d-9865-7815a29b3d61,5206257,2018-04-24 18:21:24,CH,36,True
0c94841c-bcf0-4271-bfc2-9aaecaa014f0,4749112,2018-03-20 14:13:04,EE,20,True
0ca35dcb-6609-42f0-add5-a0a16b44c138,2280048,2018-04-05 10:28:40,GB,49,True
0cb847d4-dd9d-4938-870b-946f24a4da9b,3898963,2018-04-01 04:44:24,GB,29,True
0cbf79c9-d57c-40b8-8bd1-9e9b09e4a295,4358038,2018-04-16 11:59:14,SE,30,True
0d19eab5-3cb9-4c00-ab54-96a52fee91e4,667113,2018-02-26 23:41:02,GB,31,True
0d9ad268-50e0-4471-a3a8-a8743fcab920,4880264,2018-03-15 16:45:44,GB,65,True
0de5cf8e-9000-49f2-8c1b-89f091964eeb,2786227,2018-02-27 13:36:15,GB,56,False
0e06c922-f2c1-487f-bf6e-7f69b468d5b6,2813543,2018-03-08 20:53:35,CH,38,True
0e2b3681-12cc-483c-9c69-9281a4df041b,874790,2018-04-03 16:54:24,NL,35,True
0e50c78f-8844-4dd3-bfd8-d10cd9392bd6,4168835,2018-03-19 19:04:36,DE,24,True
0f60246e-75f5-4aeb-8b21-ba3e6163af41,3255380,2018-02-13 02:49:11,IE,42,False
0f712a4b-a755-4c4f-a888-ec6aa85816c6,309016,2018-01-29 20:03:40,FR,43,True
0f7cdc65-accd-412a-91b0-40d65fedc4fa,3950391,2018-03-19 12:10:28,PT,28,True
10192a2a-843e-4276-a31a-e6d8a739c9fc,4052,2018-02-09 14:33:25,EE,30,False
10319eaa-d029-4dde-bda4-9d3c1a38405d,1220489,2018-04-07 08:44:38,GB,29,True
1066f5b2-f358-40a3-b4a3-1b875a1a2388,2271829,2018-04-05 18:04:48,SE,26,True
10846fd2-f44c-4655-a732-642c4a3e6518,2984008,2018-02-15 17:31:17,IE,30,True
109ab341-5945-40c9-b914-f869840488ea,225608,2018-04-10 18:35:34,GB,48,True
10b655f7-290b-4592-9fa9-d74843244901,2710890,2018-02-28 14:47:35,NL,51,True
10e0755b-9e70-4cbc-8f95-b968bdabc2d0,2077682,2018-03-07 17:53:38,GB,28,True
118250a4-ad85-4c9f-84b3-a51a9ceca5f0,86189,2018-03-07 01:21:58,GB,47,True
1191f0a6-fcf4-4627-a736-397e18d38918,3726734,2018-02-28 13:31:41,DK,45,True
1192d89a-a5ae-4883-8933-19912bf54420,1200024,2018-01-09 14:13:46,GB,32,False
11e02897-f719-49d1-9c99-4ee91ad12054,4577545,2018-01-26 11:39:52,EE,24,False
12621fba-2b9e-436c-a69b-d5c2579ed907,168632,2018-03-14 14:49:04,AT,32,False
127b0120-c12f-45af-8da1-23efb21edd1c,2308829,2018-03-14 14:45:40,IE,38,True
128bbe2b-ddd2-4f0b-85b2-99f50967c6cb,4561745,2018-01-18 19:40:04,GB,69,True
12b17b98-e2c7-40d2-89bf-a2889b40662c,2939281,2018-03-27 14:27:12,HR,25,True
12ca7ce9-e3bc-4542-b206-aec7ee7d0cae,4877793,2018-03-13 18:35:53,RO,42,True
12ede20b-97a6-40e7-998b-07f25788cac1,3267855,2018-03-27 11:20:49,PL,30,True
12ee90bb-b6a5-4ef9-94d7-732bb12c5595,4569884,2018-01-29 14:08:40,EE,36,True
12f04e17-a43f-4160-98a0-3ac8043a7072,331979,2018-03-06 15:25:25,FR,56,True
134a47b9-353f-4cac-89c9-78c1cd6438f1,4640135,2018-02-09 17:09:55,IT,20,True
1350d607-473f-4624-b3a0-67869114b4c7,1511620,2018-03-08 10:22:37,GB,43,True
13a0a556-2a96-4dd1-b6ac-a17c6bb8ec7e,1197673,2018-02-27 09:49:03,FI,28,True
13d4c97f-0818-4ec5-9802-84a9f1f5ba43,3537234,2017-10-25 15:29:03,ES,41,False
1433b95d-1ac8-46e4-9ddc-8f55540162c6,1743411,2018-04-22 20:14:00,DE,33,True
149d2b35-2dbd-4c41-ab7d-adeefb1bfed4,3268618,2018-02-13 13:33:27,GB,31,True
14fdb499-eb98-43f6-ade4-ace5fd6f76dc,1507896,2018-03-14 20:54:42,GB,46,True
15ddb995-f0c8-45da-ab82-b42fea20d5e8,3681958,2018-02-12 19:09:36,GB,25,True
162987a0-808f-4ece-ac3b-4f1ac8cfc1e8,3291202,2018-02-20 17:21:36,FR,34,True
163827ca-8e58-4cc2-a9cf-97219c68632c,3675422,2018-01-30 10:59:36,GB,27,False
16f9146d-b5c8-409c-838d-0d45f3251962,4115104,2018-02-13 10:14:46,GB,31,False
174804bf-2352-4ab4-b96f-f5cedf340906,1911248,2018-02-09 19:45:57,CH,41,True
175f791f-e3b6-4620-b227-c866129d5db7,188076,2018-02-28 11:47:08,DK,47,True
1762ba08-1e0c-4087-a0ea-724c3c114990,5083173,2018-04-18 23:55:25,GB,28,True
18376787-cd49-4101-95e5-15ae25fea07e,319063,2018-01-22 11:59:23,GB,54,True
1843641a-7cb7-4eeb-9bd4-0e64245e47bb,1594183,2018-03-06 15:04:52,NO,25,False
18765253-7d99-484b-a7c5-45a7ea890624,1604988,2018-04-09 15:49:36,GB,30,True
187f9657-a406-4408-b5bc-6e7825b03116,43889,2018-01-19 09:11:31,GB,34,True
1922f555-f63f-42c0-a93f-2fafa987a871,3391729,2018-02-07 14:09:00,GB,48,False
19445dda-17fe-4928-821a-25446b4d2e59,1183971,2018-04-19 18:45:54,DE,26,True
19641ab1-8402-421f-b8d0-76751b133f3a,3321112,2018-03-15 18:29:36,HU,36,False
19877d23-f5fb-429e-ab5d-7bbac29c4f93,2879856,2018-04-04 20:42:39,ES,28,True
198e3867-f7cd-4a1f-b982-aefae12ed1d0,1194993,2018-04-08 12:58:01,GB,55,True
19bcb4e1-657d-45e0-821b-a5ea56c9d7d4,4808409,2018-03-19 19:09:04,DE,29,True
1a04a744-0132-4d9e-9a8d-fdd0cbaffb04,4782044,2018-03-27 10:21:21,DK,24,True
1a89cb54-c6f8-4652-810a-60dfcacddee4,4549839,2018-02-13 17:22:38,GB,48,True
1a8c12e7-d74f-4aa4-8ee6-d6e15a3f8147,4329933,2018-02-06 23:29:38,GB,29,False
1ac4bfa1-0f9c-4690-9050-36be30153b11,4491216,2018-02-02 12:47:22,ES,48,True
1b9c13f3-b586-4840-ad1e-fbc0021257d9,3068404,2018-02-03 18:18:47,DE,56,False
1b9eba73-4a63-44ad-9019-23c6c38184dd,3551029,2018-02-02 19:42:47,GB,23,False
1bbac5b6-813f-426d-b6fd-f5d3bd623032,918016,2018-01-09 14:45:21,GB,66,True
1bc9f41c-9c4f-4ea8-bb97-d131ab52edc1,4154194,2018-03-19 18:08:21,SE,37,True
1bed4b2f-28c6-4032-bc7d-676384d1eb9b,1367909,2018-03-14 16:54:51,CY,41,True
1bf69618-7d55-4c9a-954d-207561b9af7a,4487201,2018-03-08 15:00:11,GB,31,True
1c3926a1-5615-4197-a8a8-f19df76d3861,1935519,2018-04-05 11:41:46,GB,26,True
1ca1dc18-a253-44d5-8fe5-79780e09ad6d,50118,2018-01-12 16:48:27,GB,43,True
1d68cca4-5b9c-4acb-9068-0852d0778831,4687175,2018-03-12 23:04:33,DE,26,True
1dd8a7d2-5719-4b56-9432-f4f40131a4f3,47289,2018-03-09 16:28:16,GB,33,True
1e1e0c03-ba32-4bbc-adfc-5fa33ae038d7,1841454,2018-03-26 13:27:02,DE,25,True
1e4a0a3b-6951-4d65-a49a-ac88a9d36224,4766862,2018-03-19 19:05:07,GB,34,True
1f32fea2-ec61-47f4-8440-f4c35dec53b0,2777949,2018-03-27 09:38:40,CZ,32,True
1f4c2dbb-f033-45c1-aef4-4348c345d4b9,3243847,2018-02-22 17:42:18,ES,23,False
1f58acbc-b4e9-4352-9476-b449e6df5a64,847267,2018-04-06 05:17:43,DE,30,True
1f6b12b8-f3ff-4128-b45f-2cbd18fe3c8b,3236132,2018-01-15 16:39:51,GB,49,False
20019174-d08e-4b16-a9eb-bf800ab0f1c6,2418306,2018-03-22 20:50:29,GB,62,True
203d05c5-2d31-4eda-a825-f1059fc6a11d,430049,2018-03-14 08:05:12,CH,37,True
2100567b-20de-487a-a0fc-db0c085f0606,13225,2018-01-09 19:09:37,GB,34,False
21128eb5-9d14-4ad9-9a8d-4fd2ffc797ac,4070313,2018-02-13 11:20:01,GB,37,True
21cc6a4a-7723-4e22-badb-62e17eeadf65,448597,2018-01-12 11:52:57,GB,27,False
21f1da06-0748-45dd-829f-eed8062674b5,3969293,2017-12-18 16:27:52,GB,24,False
2213b097-b788-4d58-8cbf-d233d635002a,146038,2018-04-25 16:36:43,GB,33,True
22e96a36-b310-4254-9543-4cb99d15bc2f,4827525,2018-02-27 13:39:54,GB,31,True
23c5a323-c221-411b-9c8f-09787d94a3a3,2805314,2018-04-25 16:58:27,GB,38,True
23db0104-f14a-4bf0-9e21-95d393d06eab,2115093,2018-04-19 10:01:53,ES,36,True
241d0a92-8c56-47f9-96a0-3bbcd7c9c931,433250,2018-03-06 19:40:13,CZ,64,True
2492e79e-6013-4910-8b56-e341240866a9,3917966,2018-02-06 16:23:30,GB,34,True
2496bf36-84de-43a8-885d-5edf441e7b0c,2711684,2018-02-16 09:53:27,GB,48,True
24cc1bdf-892a-4432-8679-7856c07e33c8,538094,2018-04-02 11:58:14,SE,52,True
24f35989-9ff1-433c-9974-bfad7be1663b,1495807,2018-01-11 19:52:53,GB,33,True
252eded8-071a-4b64-bf24-d3629d6b1add,2513724,2018-03-14 15:28:15,GB,37,False
26126009-f99e-444a-9383-62d5d88eef32,70577,2018-01-18 19:57:24,PL,36,True
2699e998-1aa1-4608-9ea7-859c57f0b19b,1503460,2018-01-18 16:16:49,GB,47,True
26e4a199-48a5-4056-8e48-7d6e5210e824,4935121,2018-04-16 12:16:16,CH,30,True
271f1d2d-6a6c-4508-8016-8bfa7725a32c,2401202,2018-03-26 15:35:45,FR,32,True
27242074-2eff-4ef8-bed1-4fb803c5d330,1669482,2018-03-19 20:37:58,IE,44,True
2771f82b-ab12-4ce5-9b5b-06e6d05ac609,4635824,2018-02-07 14:06:56,GB,38,True
277743c4-148f-4579-aefa-8757975c32c4,735640,2018-02-01 20:12:52,DE,30,True
27a0db3e-c4db-4d87-806c-13b34f2013a4,2670537,2018-02-25 16:03:56,DE,27,True
283d5197-f10e-428f-892f-cde481d7110e,4768693,2018-03-15 12:58:06,GB,27,True
2865fe85-a4b8-4a42-893a-4fca4a04ccba,2618758,2018-03-13 15:37:40,DE,25,True
28fbcd44-8c4b-485e-b80a-06ea9c6bdead,4630444,2018-03-23 07:30:16,HU,39,True
29022e50-8cb4-4eed-a4af-6d0641fae4e2,4547606,2018-03-26 18:00:37,GB,46,True
2927d6e6-da4c-495b-94b7-10cd4fb5ff11,1176863,2018-03-13 18:09:24,ES,58,True
2961ec1c-a73d-49e5-8f42-4ea80cea876e,4883648,2018-03-18 18:40:27,RO,25,True
29757877-520a-49f6-bcc3-6c8ac1084147,289991,2018-03-20 09:40:38,EE,33,True
2979fea4-b9b5-4ae1-bf37-4fccfe5f9c8f,3963134,2018-03-25 09:49:03,CH,38,True
298a9e23-7a7f-4e6c-86a4-bf6b2efb4fc3,4922923,2018-03-27 10:29:21,PT,39,True
2a5c6bd9-262c-443c-823b-4c5b832fd528,2656339,2018-02-12 16:06:37,CH,42,True
2aa789dc-5d94-479c-9d67-1bcd00e04e27,95016,2018-03-09 23:11:44,NO,36,True
2ab4df66-8a68-4957-ba3d-8f58d0e32ace,1249072,2018-02-08 16:26:28,HU,27,False
2ad64103-4327-4f17-a8b6-89ebc671ec15,35526,2018-03-06 20:48:25,ES,36,True
2ae0abc3-47ac-47dd-a8d1-0ac6dc010f96,2505949,2018-03-20 15:54:50,GB,31,True
2affea7f-3157-4a8b-baea-681d75d064fd,2333412,2018-03-09 22:02:02,CH,32,True
2b069be8-60fb-46e3-b5fe-bc0b7e2312b2,4020567,2018-04-18 15:14:30,IE,65,True
2b13c176-0117-44c2-961a-d6c77663cdda,68860,2018-03-15 18:46:49,CH,46,True
2b4af85a-2fb3-4ba0-800d-cdf10f79bbcb,2965139,2018-03-08 15:49:16,GB,52,True
2b7029d1-3099-4276-b893-b3f770990a9e,4523762,2018-01-15 16:05:56,HU,36,True
2b708b99-f4dc-4b73-a796-572335b265b9,1692960,2018-02-06 15:20:15,NO,34,True
2b906755-bb31-4333-bf58-f3faf8e04b32,5157160,2018-04-17 15:26:40,GB,39,True
2b90737b-fa9e-4883-97e9-dfd16644bb42,3333378,2018-03-08 12:53:41,IT,30,False
2bd2b6fa-fae1-45dc-a31b-2d77a58f5948,2188505,2018-02-08 15:38:30,ES,29,True
2bfac441-b965-4cf4-a9c1-ac45e308118e,1900520,2018-03-22 14:52:16,GB,43,False
2c016bf2-3724-4641-b5e6-d31c356af1f7,4298817,2018-01-29 13:33:58,DE,36,False
2c2e14a5-2137-4490-b43b-accd5c5284ea,5078541,2018-04-11 17:38:59,DE,27,True
2c5cace4-50dc-4550-94a2-6d4c55d5b1c3,1008230,2018-02-02 13:04:58,GB,40,False
2c7df8b7-c96c-48b6-b345-c44621837ae9,3977546,2018-02-23 15:45:31,LV,26,False
2c934fa6-bc4d-44c9-844b-7544f79adb9f,164568,2018-01-18 16:08:38,GB,26,True
2c9376cc-57d4-4ac5-9811-68233ba4c3d7,78968,2018-02-06 15:21:14,ES,42,True
2db09890-2d84-4934-a333-18ec23ee2421,3667166,2018-04-03 14:10:10,NL,49,True
2dc108d5-7d08-4ee7-900f-c44039da3559,2798731,2018-03-09 16:27:25,GB,26,True
2e267af2-f09a-49e9-abf0-48fb83a44265,2217472,2018-01-29 11:44:19,GB,26,True
2ea31e56-cc0a-4a8c-aa94-4580903cb1d6,521037,2018-03-28 06:08:23,GB,25,True
2eaad2b0-9b5b-401b-b89f-088a8d7583fa,3649591,2018-03-19 22:06:20,IE,29,True
2eca7a74-82fd-477b-8693-8deb2255fa5d,4539,2018-02-03 22:59:36,GB,49,False
2ef437f7-2302-4e7d-9b92-3562c8b4b646,3298080,2018-02-23 10:48:52,SE,31,False
2ef7ebd2-6032-473f-8f41-a6267446b470,168951,2018-04-06 10:29:29,FR,41,True
2f0b310f-d1b5-466e-8a62-67d7b002ce18,3510,2018-04-07 20:16:46,GB,30,True
2f14fa6f-9358-4f88-af2c-bc8ebc296080,1844009,2018-03-08 13:18:37,PT,35,False
2f9efb96-ed28-412b-a374-10287420d9be,1671786,2018-02-19 10:46:49,GB,36,True
2fb13cb3-825b-4526-a68a-c329e662da7c,240089,2018-01-09 15:48:15,EE,30,True
2fd57e3a-8e78-4057-951a-dc30cb671170,5083363,2018-04-17 11:14:02,CZ,43,True
2fea7838-ead6-4fcf-9c52-28f07e3cc659,2990525,2018-01-09 13:47:12,GB,34,True
2fff7316-ff85-461f-ab98-645348c7abbf,1268734,2018-03-26 08:19:14,CH,35,True
300cc2e8-9143-46a5-9cfc-f488b3842a39,4403033,2018-03-17 12:56:58,GB,24,True
303e60a6-b273-432e-9454-bc0872ba8e4c,1555436,2018-03-08 17:46:28,BE,32,True
30fc4a4e-8e5b-4163-ac95-cc5c9808ad48,4151866,2018-03-16 17:48:02,EE,43,True
311413fd-e856-48b2-b0f8-4b324a4cb417,3834302,2018-02-15 19:59:06,GB,26,False
31398d1d-843e-44d4-80ca-594a4999bb52,4376754,2018-02-28 11:00:18,NL,43,True
313d1ece-ab7e-4e5c-925f-c28a852f080c,2035570,2018-02-09 13:50:35,GB,39,True
315cf5b9-df03-48cb-a3e8-50038bd91a94,1974747,2018-04-18 15:55:20,GB,38,True
3187b4cc-9f56-475c-b5f1-1522fa22cb8d,4577354,2018-03-24 18:14:37,GB,24,True
318a640d-3cc7-44d8-82f1-85ed2abbedd5,3293370,2018-03-23 12:10:31,GB,44,True
31ea3a2b-24da-4d2a-abaa-749921ef28cf,4828828,2018-03-17 10:12:10,GB,66,True
32317442-5ca5-4659-bcc1-a304a1ce9b07,4757106,2018-02-28 11:08:44,NL,31,True
32431c3f-7cba-4a04-b593-40474274d089,2220516,2018-02-05 19:53:36,ES,37,False
32755a98-ef4e-49cc-bbe4-34c12b42aaaf,4831913,2018-03-15 16:42:34,FI,37,True
329d4ec5-3d33-4141-8e28-e72abc07e2bd,622513,2018-03-18 10:26:37,CH,35,False
32c7ab0a-e0f9-4f4c-a85b-62c7bef6049f,1292489,2018-02-23 07:06:15,ES,38,True
32e46636-309f-4fe1-a077-709b76711a07,1529019,2018-02-27 22:21:48,IE,27,True
32e8b3aa-c353-4164-91cf-966c59eac121,905013,2018-02-20 09:28:28,ES,63,False
32f621ff-6d44-479e-8c01-877b587ab588,1237380,2018-02-16 11:24:37,HU,53,True
33a38fc5-b00a-4bad-846e-f2cde36fdc97,2198802,2018-03-31 20:41:04,GB,47,True
33dda2e2-52f2-4340-b015-151eb491528d,1548987,2018-03-01 00:14:34,DK,63,False
34af8bad-86fd-409a-89a7-d42ac5a70266,2669951,2018-03-21 14:45:44,NL,35,True
34cc3f36-73c1-48bd-a424-1d88bcabe2cc,544050,2018-03-08 12:05:25,GB,33,True
354d5aac-c569-48c2-ae19-eb4667cbb98b,218632,2018-04-18 16:38:49,DE,29,True
35af14b3-ea42-43a8-86b8-9ee7b22836c4,1773953,2018-02-02 16:17:57,GB,79,False
35ceb747-1cd9-4bbc-97ac-8ce4a61b2336,1606621,2018-02-14 15:02:09,SK,25,True
36657850-970c-4418-b4a9-f674c1cdc874,5036875,2018-04-05 17:17:48,GB,34,True
3722487d-c81e-49c1-9d7a-dbcf82514e69,320033,2018-03-14 17:29:37,PT,27,False
37671b0a-bc88-46e3-8a97-26c6fee7e564,1308845,2018-02-27 10:02:04,DE,39,True
37bba6ea-0b31-4aad-b471-205c601d85e3,973051,2018-03-16 07:46:00,RO,35,True
37c1674e-66e9-4725-ac1d-0c9665adb31e,1457998,2018-02-16 09:11:48,GB,39,True
3815f4c5-d72a-45a0-be0e-5de4df1fe7c9,1043435,2018-03-26 14:08:36,DE,28,False
3816f497-1795-4024-8589-cbd80c8c72b3,4665703,2018-02-12 21:42:15,GB,27,True
381f59d1-4d4b-4e96-8eb2-116541800132,2585178,2018-03-22 09:42:31,IT,37,True
383f7dae-b0d0-4764-95ad-0870d1eb3e7f,2634244,2018-04-18 05:15:23,FI,27,True
38460a05-c9ca-49ca-ae72-5ae2026e2b07,334590,2018-02-06 17:43:20,GB,79,False
3897e097-80fd-4cc1-8df1-b60c5ac03981,189120,2018-01-30 13:24:16,CH,27,True
390b8c56-11f2-4dc4-9e34-66feb8c569dc,1053011,2018-04-05 15:47:32,GB,38,True
39477767-5107-4119-8f8f-93cb1bcacdd8,98098,2018-01-18 16:15:21,GB,37,False
39d8a659-6a7c-4fc7-bdc0-e85bbe0e670b,1119345,2018-02-07 13:16:28,CH,23,True
39da0811-1fd3-466b-890e-19002d5c32e7,1240451,2018-03-07 12:05:02,GB,52,True
3a1c228a-0a60-41e3-a37f-215d54a5c698,569744,2018-03-26 12:34:58,CZ,37,True
3a286007-430e-4e89-91f8-5a2b058574e1,1151321,2018-02-21 21:19:00,CZ,23,True
3a72aa1c-ae55-4b9c-9d57-54dbfe3d6b11,1814,2018-02-15 14:47:02,SI,33,True
3a971774-4fbc-4b2f-b28b-4b7f52dadc91,3454190,2017-10-20 06:40:34,EE,24,False
3af2f181-cc56-4883-a73f-09dcb2a6fbe7,3113344,2018-02-20 14:38:23,IT,34,True
3afbe6a6-8e5d-4b7d-ad73-a627f975259d,1710436,2018-02-13 08:27:28,NO,37,False
3ba100e6-7503-4b99-9b38-2901e82c1eb3,2113672,2018-01-29 14:30:34,PA,33,True
3bbd8b1b-94fd-4f94-bba1-f8ade1365a5a,2938385,2018-03-23 16:50:35,FR,48,True
3bd73743-984c-4a11-9e23-eeeb0f227059,3017961,2018-02-08 22:05:13,GB,34,True
3c156daf-f23e-4689-ad2d-9db090b83088,821093,2018-04-19 13:31:24,DE,36,True
3c643427-570b-439f-9013-3cad81024391,2708307,2018-04-18 15:01:26,GB,36,True
3cc4930c-ef99-45ac-848c-93814ae9bca2,615845,2018-03-13 19:59:03,HU,54,True
3cf5d6b7-506c-4083-9794-e0e3fcbbb3be,4653662,2018-02-09 13:22:20,GB,29,True
3d37becc-372c-457f-85e7-5180d788cce3,4965216,2018-03-28 04:37:11,ES,28,True
3d3dc71b-e00b-4e9a-af35-2e4ae726fb39,5145304,2018-04-13 12:46:42,CH,28,True
3d64975b-31b2-4ae5-8e39-1fcf239ad4ee,5066020,2018-04-18 21:18:45,LT,41,True
3d74e56f-1519-461a-bf07-14ae335815b5,5015887,2018-03-26 16:30:29,GB,51,True
3d7c424c-08d0-429e-b1ea-c554626f6d08,1709290,2018-01-29 12:23:04,GR,35,True
3dcf0adc-c5eb-45b7-8a2c-3de3b68c3a6c,1886894,2017-10-19 21:27:01,IT,29,False
3e41cd89-792f-40b1-ac0c-21e31d2be725,177752,2018-04-25 06:27:23,GB,51,True
3e635a35-ba17-4930-bbf1-fb900e87c312,1398293,2018-03-08 20:20:13,GB,25,True
3e78896e-1fe4-4fe1-8273-0bf57c75bdf0,1786546,2018-01-24 14:52:00,HU,23,True
3e99498e-2371-4520-8565-d5015afdc399,3290772,2018-03-26 13:28:22,GB,38,True
3eae272e-e527-49e0-bf2b-8dc1ea012cb7,4849137,2018-03-13 18:07:00,NO,20,True
3ee7a4d9-12a9-4c4e-9122-45d964915c08,190015,2018-02-28 10:19:41,GB,31,False
3f131fd8-18e4-4636-bea7-e697cebca507,2043158,2018-02-15 12:51:36,FR,42,True
3f221b02-03d2-47e9-8841-ec509f2a7a78,97888,2018-02-13 17:55:49,GB,44,False
3f27e995-6460-4976-8c40-df37846b353e,145591,2018-03-01 21:05:04,EE,28,True
3f5f3fc0-3265-4415-8a0e-2b02ade4198e,4632139,2018-02-27 11:07:15,GB,36,True
3f606b84-a128-422e-a82d-0ec0b0fad48a,4547090,2018-03-12 15:30:23,DK,22,True
3f63be78-eff1-4cfe-96ef-7daf58d1850b,5171998,2018-04-25 18:42:35,GB,27,True
3f80395e-bfbd-480d-a701-418e58471c45,8918,2018-03-03 18:12:42,GB,28,True
3f96b449-0411-4015-9bf9-593b629d33a0,5703,2018-01-18 19:26:54,GB,33,False
3faf336a-7cd8-42a3-81fe-07b73594bc6d,5032117,2018-04-09 15:38:50,GB,57,True
3fc2bf47-abee-4496-a3e2-38193ffb2d49,362736,2018-03-27 21:13:32,NO,33,True
40051d01-e63d-4527-a9e6-92aa18885715,1757236,2018-03-26 15:18:31,PL,36,True
40781b63-e2ea-46e1-811f-2eab5efde6ad,179429,2018-03-28 11:36:03,CZ,31,True
40a4fece-5b8c-4937-ad52-69d6ef8e77a6,2485929,2018-02-28 19:01:28,DE,52,True
40a89a2a-93e0-4ce5-bb30-0768bd578988,3691988,2018-03-27 09:49:24,DE,38,True
4126ae9a-58ee-4280-8eaf-322f72c4ea2d,1560130,2018-04-04 13:28:47,DK,71,True
417bbf61-2d54-4518-bfe9-6bfda7797c27,3226369,2018-03-01 06:31:01,GB,50,False
41cbd210-67b6-4bac-92b1-22c0a792d29a,2439652,2018-04-19 09:16:43,CH,31,True
420b5ffa-7940-41bc-8b0e-894db309b736,150247,2018-02-23 15:41:00,HU,37,True
4276e10c-693c-4bd9-99e0-4b399281bed7,3895731,2017-12-14 16:26:10,GB,29,True
42a57236-d20b-4d76-83d3-54621ecea327,5234669,2018-04-24 12:48:31,FR,24,True
42ae1691-6916-4b6a-accf-149198af19e0,340363,2018-01-11 14:00:40,GB,33,True
43c3c446-bf96-4873-94d7-570de614233c,4420495,2018-04-14 21:34:10,GB,24,True
43ec1070-d771-41fe-b341-077864bed152,3585852,2018-03-21 05:20:44,NL,33,True
44083bdc-5973-44fe-a70a-24c32fc83475,4803153,2018-03-13 20:30:42,ES,26,True
444bbed1-ba54-4f72-9fd3-761947996a78,91536,2018-04-18 17:33:43,GB,52,True
449b499e-4c3c-4ea8-8a03-1603551edf2e,1019425,2018-03-29 23:48:40,GB,39,True
450226b3-7c76-48fc-b34f-c74bedf7aaa3,3195667,2018-04-20 13:21:30,PL,29,True
461f10e9-4ef5-4ff2-a697-fb02d20032a4,263828,2018-02-07 14:22:16,ES,39,False
465a6ab1-096d-40cb-a3e0-c55e69eaea47,711554,2018-04-18 17:46:39,GB,57,True
4709ac6e-87c9-4636-b0fd-c131c23f8b8e,4924447,2018-04-06 02:42:22,GB,33,True
474d9227-4875-4cd7-9509-73dc3335ae9b,565296,2018-03-13 19:11:20,CH,37,True
47b61090-a548-4ec1-b685-ec1a78148fc9,2944027,2018-03-12 22:24:15,IT,33,True
47dbfd88-658c-4801-96a4-1ecd08c71cd5,91693,2018-01-21 19:27:47,GB,67,True
47ee362a-61eb-49be-8712-6bd70222a2ba,3870838,2018-02-09 12:48:42,GB,22,False
480b82ac-ee32-42c0-8fc1-991cd5b60feb,5141198,2018-04-19 08:22:03,GB,48,True
4857bed6-501b-4664-8c7f-ffabcb11d5cf,954834,2018-02-27 19:46:06,GB,22,True
4865ac39-3a78-407c-a303-f7f77308e3db,3278106,2018-03-06 22:06:15,GB,25,False
487ff04f-4684-42fe-8c4c-094317c93d4d,5058021,2018-04-14 01:06:36,CH,21,True
48bfa4d8-9a23-46db-9c1a-166cac9f329f,4611134,2018-02-12 23:09:07,GB,35,True
48d50de2-6595-4b0e-94b3-ca776f0842ab,4439212,2018-04-18 16:31:43,DE,75,True
4920499b-393d-4a8f-a5e3-89a974df7b33,3439814,2018-03-09 20:22:15,GB,34,False
4926e288-7b69-42d0-9368-618c1d1e96e2,4301007,2018-02-14 08:19:57,NL,60,False
493c09f3-fa73-4ab6-a3e6-731db59f208b,5243274,2018-04-25 12:44:59,GB,38,True
495d1a72-e77c-4c1a-8275-320b51638ed9,3531830,2018-01-30 14:55:24,CZ,33,True
495eb303-27cd-4866-92b3-60b5c4a6fdcc,317093,2018-01-15 11:47:16,GB,50,True
4a2415c8-9877-4cc9-a447-c06cef596fe1,167508,2018-04-21 10:07:14,GB,36,True
4a72ea78-9728-4f03-a9e8-6ec2129e2679,4597644,2018-02-28 11:04:10,GB,32,True
4a8316c0-0238-496f-81ae-b2f53237678a,4673539,2018-03-07 13:09:22,GB,27,True
4b016fd2-cb84-433e-90e6-4a6135dacb2f,3260326,2018-02-09 17:55:26,GB,47,True
4b5d0e97-123a-4a20-b3cb-d85f5408ac7f,2429052,2018-03-16 18:28:28,IT,43,True
4b6125e4-4242-4fb2-998b-97ddcaeb75a4,1375136,2018-03-26 20:25:37,DE,28,True
4b70fd00-4b85-431d-ab8d-553a962c6889,271602,2018-03-07 07:17:30,GB,70,True
4ba2c320-25ec-4e0b-85c0-88e3bc74684f,336392,2018-04-19 16:59:21,DE,38,True
4bafbbd5-5528-4c24-a986-2e52b5f78297,2334911,2018-04-23 09:27:41,GB,36,True
4bfc1155-d1bb-4264-9cc8-0f2d0e911481,3372217,2018-01-29 12:22:24,CH,34,True
4c029044-9688-4314-b121-4391a4f63d79,2341085,2018-03-14 15:03:55,SE,42,True
4c2aa5af-b483-4c06-963b-f2f919776456,4788031,2018-03-24 17:45:54,DE,26,True
4ccc31f2-84d4-4d87-b027-46bcba61b6e1,91076,2018-03-02 09:37:45,GB,69,True
4cdf260b-1ecc-4802-9d8f-6e131deeaa8d,33930,2018-01-11 15:07:03,GB,38,False
4d9ebf63-4ac1-47d1-9d06-bb100c465808,1039190,2018-04-04 08:12:33,GB,31,True
4da514f5-5e3e-4366-84e2-ecb74a6739c7,3781464,2018-03-27 16:47:29,GB,37,True
4da71574-a0a4-45f3-bbe7-aea996719ae0,278970,2018-03-07 13:14:51,HU,38,True
4e1a44cc-efd5-4e03-818c-d4cf9cb6aab3,2265217,2018-01-29 18:04:14,NO,36,True
4e1d0b03-ffd1-475e-bc76-6f2f5b204982,817103,2018-03-15 04:58:59,GB,28,False
4e227380-7ba4-44a4-848c-7a204e775fd8,288147,2018-02-26 12:34:20,AT,29,True
4e3b5f68-6299-4a3f-8337-24dda8ba7294,1487672,2018-04-09 10:16:04,GB,57,True
4e568ed2-f25c-467c-8cf8-503ac4799cc4,4171455,2018-03-21 15:12:47,DE,45,False
4e722d62-9d73-44e3-ac86-87c842a9bf07,59794,2018-02-07 12:35:20,FI,34,False
4e72c770-4549-4071-8935-ba73c299fd81,3316909,2018-03-27 08:52:02,PL,31,True
4e925a39-e1f2-4596-8de6-6fd298417775,2636221,2018-02-06 07:23:46,NL,53,True
4ee72863-b1a2-4778-a992-07ff2b1be401,1931786,2018-04-16 18:23:05,GB,47,True
4f590958-1382-4207-97b8-d235e70b92e7,1080692,2018-03-29 13:29:48,GB,28,True
4f5952f2-0bbb-4302-829c-9a2e5f030abe,1930783,2018-02-23 14:09:28,GB,45,False
4fc3f4f2-46b3-491a-a442-02ec9d7c097e,631967,2018-03-01 14:03:35,GB,36,True
4fd13ecc-8d5f-4aee-8d57-cdb33ad4900a,1389233,2018-03-01 18:36:33,CH,34,True
50612945-312c-4c92-9fc3-2e45b239dcb4,3514369,2018-03-16 08:28:50,GB,32,False
509dac20-1ca1-4a08-94f8-b31f77d8b920,102606,2018-01-18 15:58:17,GB,36,False
50d93db7-122e-4212-94dd-25a8fd4d0601,1073954,2018-02-11 16:38:58,SE,25,True
513b486e-b9e0-4bd7-bb22-22aa70186638,2537075,2018-02-06 15:54:48,GB,35,True
521cc2c4-8873-4a50-960c-be421406d896,331290,2018-01-18 17:23:59,GB,38,True
53122b8a-8bb7-47db-9a68-f58e5fd435f3,4732574,2018-03-08 15:10:46,FR,39,True
53204f18-df16-46aa-b644-63444b55fed7,4945573,2018-03-15 12:17:13,DE,25,True
5361396a-8b5b-4b2f-b819-a7308a5c6491,5037049,2018-04-05 05:11:18,GB,42,True
536a970a-bda2-4860-a116-1fb6d48654e0,4668922,2018-03-24 08:03:15,CH,26,True
53779d94-5404-4c4f-9c1a-1799d6eada32,1331026,2018-03-27 21:23:03,GB,32,True
53ac45b2-824a-42b1-97a0-0863a63574d9,4571589,2018-02-27 10:18:01,ES,53,True
542f6772-cc5b-4748-af61-16dfd6a8e71f,225218,2018-02-02 12:49:19,CZ,42,True
54351c18-6900-44e1-bccc-8fd58e3d48ee,4962652,2018-03-27 11:16:52,HR,27,True
54a5634f-0aab-4b13-8664-5ea5ecee3bef,120052,2018-03-19 20:39:49,HU,35,True
5542b688-acb1-4758-a348-3459010a6fd0,3237027,2018-04-20 15:26:18,GB,75,True
5583c814-c30c-46a7-b497-575d4044db5e,3999006,2018-03-06 23:29:52,FR,24,True
55892e86-145e-42c2-9241-d03622fe95f6,2723764,2018-02-07 14:10:08,GB,39,False
55e07416-bc72-483e-9f55-7c59b9471806,3024622,2018-03-07 16:21:24,DE,42,True
55e93abf-6406-4bf1-8504-9e805099cc36,5091325,2018-04-20 09:13:47,GB,30,True
561c9d38-6b5e-45c4-99f5-27a95346455b,193622,2018-03-28 00:48:55,GB,39,True
56579c83-e2fa-4cb7-a4a7-85680c0a10aa,1518511,2018-04-07 20:55:14,GB,27,True
56b7e6e8-fedd-4911-8141-f4b8f8556695,922411,2018-01-29 16:14:49,GB,30,True
56f44514-25e6-45a2-aac5-a227d3c3e49c,5158400,2018-04-17 12:22:03,GB,55,True
574bec05-104b-481f-a9ef-e75cbf8fe2ce,4866330,2018-03-15 13:13:04,IT,33,False
579c98d9-2653-4b5d-b94f-9331300bfe67,893943,2018-03-27 19:59:32,GB,40,True
57fe82a4-ab4b-4286-8111-1675182d8fe3,4615584,2018-02-12 15:34:15,GB,47,False
585277b1-1b9d-4b0b-82a6-526e94badb2b,4845734,2018-03-16 06:20:33,GB,42,True
5879823b-6a89-4f57-a937-5173163c9770,3907193,2018-02-28 11:07:14,GB,42,True
59173dd5-f8d8-4234-affa-264dabe20a7c,4610531,2018-01-26 13:46:20,GB,24,True
593df553-64d7-4235-8906-27af65d0d737,341763,2018-02-20 10:08:51,GB,26,False
5947843e-1900-448f-ab1f-4400c2a0b258,3503534,2018-03-12 12:48:48,DE,46,True
596772ba-9598-44b9-9ad1-4d9992630ac6,23977,2018-01-09 13:29:52,GB,47,False
59e23d15-3e1f-457e-8e9c-8407a6c699fb,4983650,2018-04-16 13:36:51,CH,36,True
59eb71f4-117e-4a29-930c-3a7dc52358db,4547401,2018-01-18 18:51:52,GB,35,False
5a268acf-ba50-48b7-90e9-b0b52eb62294,1660585,2018-03-10 09:02:37,DK,37,True
5a3a2bd6-c609-4668-a7cc-9b73e350a416,4666859,2018-03-20 20:19:44,GB,37,True
5a75913c-d4ae-4a20-825d-0660088587db,1666111,2018-02-24 11:57:05,FR,73,True
5a80b161-d54d-4af4-80f6-7d2e214aa08a,4173766,2018-02-28 13:51:47,GB,67,False
5ae83186-e1f1-47ca-bab6-67715be0f2d7,273605,2018-03-07 22:44:10,GB,38,True
5b31ca26-7e53-4ec8-883b-7a08103b3263,4973587,2018-03-20 11:11:28,RO,30,True
5bcf660a-2f7f-431b-915e-562b9d3f3bd8,4752854,2018-02-26 16:35:12,GB,60,False
5bdca114-aea8-49c6-998e-f817c0dd2b04,3017807,2018-01-14 00:35:17,GB,34,False
5be3c6ef-b91a-441f-abd5-5cdebc4e1eeb,3448401,2018-02-14 17:10:23,GB,25,True
5c4fbaea-cb4c-4328-9120-f4911e9af564,4849279,2018-04-06 10:00:21,RO,31,True
5d14ec9e-d10b-4cb0-b94b-294625866ab2,28567,2018-02-27 13:35:37,HU,48,True
5e7eacee-f47a-4aff-9602-f7bf61ed7dba,57331,2018-01-29 12:15:59,HU,47,False
5ed88a59-183d-4235-8f85-29ca23a147d7,2519091,2017-10-26 13:36:26,EE,28,False
5eed6878-080a-45bd-a5d9-cfe611783b22,833933,2018-02-15 13:52:00,IE,31,True
5ef8cad0-6d32-442f-8631-abd168e7d442,2225807,2018-02-27 13:04:01,PT,26,True
5f3c357c-7c62-42b1-9237-5f1ca17bdb19,1073821,2018-02-02 16:55:08,HU,27,True
5f3f1edd-71b5-4bad-8efd-77777cfdab37,2621009,2018-03-27 09:29:03,PT,38,True
5f902aaf-d2fe-4563-9c64-521f8347ff06,3912333,2018-03-07 14:18:11,NL,27,True
5fa5b0f7-0835-4fe8-8276-f81ff2bae178,4463888,2018-04-04 19:55:31,GB,35,True
5fc5088a-95ad-4940-9c45-2f94c086e19b,3760360,2018-02-09 13:44:10,GB,40,False
5ffc37b6-5d95-4c9b-9cf5-f526fcced349,1740849,2018-04-12 14:47:29,GB,40,True
603bccb4-8e8e-4eae-9bac-5b58af462983,1256683,2018-03-22 19:11:56,DE,26,True
60655f4f-236e-4931-b282-8be435040bdd,4379705,2018-02-09 14:10:24,GB,25,True
60cb5e77-e73c-49b4-8112-2e1d0b0239f5,983187,2018-04-15 14:15:16,HU,31,True
6147aea5-f281-42cf-964e-77f82e19268e,4920637,2018-03-27 11:28:04,DE,31,True
61a481ba-48a4-417b-b547-d0de82b629fa,2298375,2018-03-28 01:03:03,PT,43,True
61ca02e0-cbfb-42f6-b69e-da9e906593bf,2836353,2018-03-17 12:35:00,CZ,24,True
623d0d2e-8d81-4f29-9b68-9426ef0a6a2b,3736509,2018-02-02 16:49:15,GB,43,False
6260eff7-d2b6-4ba1-b0a4-68ff7d65e801,304023,2018-04-05 15:28:37,GB,38,True
628da34a-b1ec-4aa6-8105-f17f0769f18a,4846312,2018-03-15 11:05:33,NL,26,True
630dca36-0557-4e8e-bb0c-96fdd8191a5b,2290061,2018-04-06 07:59:47,DE,26,True
63221deb-6e47-49b8-834f-73bd5b20652d,3886312,2018-03-13 19:29:52,DK,33,True
6378b95d-fc70-432f-93d0-e490ff43f8f7,4384430,2018-03-13 15:52:55,PT,35,False
638ccc85-3a0f-41b2-8af0-67dd145e7f7f,4033623,2018-04-05 15:45:14,IE,25,True
63924c83-fc63-409b-b3cb-8b3bff263c6b,2555589,2018-02-03 19:37:18,HU,30,False
63f07569-e572-4cf2-9895-9b3460c2e6d0,732188,2018-02-06 18:59:23,IT,21,True
63f93300-50c1-4cca-b51b-fa891df961a8,838422,2018-02-07 17:27:54,GB,28,True
63fda788-1bf9-4baf-98b3-357ea962089d,4280111,2018-03-17 05:59:13,GB,41,False
64370c4e-83ed-4c0b-b261-d1bc81a514ac,2229358,2018-03-22 17:19:58,HU,36,True
645b7188-27ca-4f18-b7db-bf9a7af5606a,396911,2018-02-28 20:28:50,CZ,36,False
64afb8ca-29e7-4be6-9ed4-145701e46f32,1756182,2018-04-05 19:54:48,GB,26,True
654dce3d-14e9-46fb-837d-29ec3509395c,1930640,2018-01-29 12:45:46,GB,34,True
655115d1-9e8c-4e44-b792-2e25d386c15b,1395930,2018-02-02 14:44:45,HU,25,False
65a124c6-77f7-4f6d-9207-47eeb7199752,1280178,2018-03-07 00:49:18,GB,47,True
65fa199c-d6fe-43fb-9fa7-205a681b645d,2422461,2018-02-12 23:26:12,DE,25,False
66365ab4-7d53-406f-9237-33d59b2b62b2,79973,2018-01-18 23:56:20,GB,41,False
664fb642-e8a5-400f-bccd-8a8b9853d407,1392434,2018-02-23 21:56:01,FR,29,True
6650ebbe-5a09-422e-994f-4d61418f4523,809189,2018-02-02 13:04:21,CH,25,True
6664aa28-357f-4026-8864-ffe368c8cec0,2398480,2018-04-16 14:29:21,GB,27,True
66bee82e-77bc-448f-a440-ec3524aae560,920275,2018-03-21 14:46:03,GB,36,True
66f09f85-d63f-471c-bfe3-e43d904b4f9d,1808918,2018-03-26 08:33:26,GB,32,True
67091cd3-6ae1-4692-b275-43cd154a38e9,1449504,2018-02-08 10:33:55,CZ,41,False
6752645d-bb6c-4d7c-9d19-fc29be469877,4936361,2018-03-27 13:22:14,CH,31,True
67698c47-7b80-4ea4-b361-4299d75385a9,4634289,2018-03-07 17:36:03,DE,20,True
6800585d-7df1-46d6-98d5-5bc05f3e6db8,7162,2018-01-18 21:54:10,GB,40,False
6805474c-1aa7-44d9-8110-6545a524880c,4735097,2018-04-14 13:56:23,DE,59,True
681c7e7b-5562-4dbb-94a1-a4cdb6549e58,3896181,2018-03-06 15:15:31,GB,48,False
68aa0821-e937-401d-a972-8175a929ceb4,1297658,2018-02-09 12:50:09,IT,27,False
68b06160-d719-4ed4-ad23-a2613da1f15d,3240752,2018-03-08 12:38:16,GB,30,True
68c19d78-0308-4e54-8534-cccbdabec3d6,4318370,2018-03-14 07:32:35,HU,43,True
68fbfcc2-09b7-44a7-9bc2-db36cc7c69a7,3356752,2018-02-28 04:23:32,NL,46,False
691dca23-8229-43c0-920b-282a9dc94fc2,7325,2018-01-18 18:25:41,GB,44,True
69314efd-2369-4f27-8218-f2542e791bfd,3008828,2018-02-22 22:33:03,GB,43,False
69342122-06c6-4234-a17f-0fca76d25093,34466,2018-02-02 14:25:11,GB,63,False
69929d1f-c52c-4aff-b62f-528380fd3330,155776,2018-01-18 21:20:15,GB,27,False
6999b0a8-cf99-450a-bc12-6be9591854ef,3343809,2018-02-06 19:53:11,DE,28,True
69f7049e-8798-4251-827a-3f1ce1609414,4946300,2018-03-15 16:35:00,GB,59,True
6a89e973-1872-463d-8300-d4823068f6f5,1245419,2018-01-18 18:43:30,GB,47,False
6ab8559d-98a4-402d-9409-c3049dcee75d,3304286,2017-10-22 17:13:09,EE,32,False
6ad83c39-325f-4702-9275-b1583058fc97,1628838,2018-01-29 12:16:02,IT,36,True
6ae67e14-e02a-48f0-afef-4c8c8aa98c9b,878038,2018-03-27 07:45:03,NL,33,True
6afc8dff-3463-49ea-93dc-329d6958c27e,3397820,2018-04-05 15:57:42,SE,25,True
6b43e514-9aa7-44e6-83d7-b6c720eda4e8,3427431,2018-02-06 11:38:42,ES,54,True
6b50fa0c-8234-42d6-b7ce-bf92a3711366,3280937,2018-02-02 21:37:03,EE,26,True
6bc5f512-ea6c-4ecd-a4fd-602dfadf7c5f,2221102,2018-02-02 14:01:45,HU,22,True
6bf5a280-fe33-42c6-b6ba-62723e9b2d98,90942,2018-01-23 09:53:53,GB,63,True
6c23f89f-7c49-4b59-9a12-9175e2f02a5d,4523778,2018-04-18 15:22:45,AT,40,True
6c83eb51-6d30-4d93-bd60-0ab1f655f26b,1659091,2018-03-27 09:45:33,RO,29,True
6cc39073-a7f0-4219-b687-5c51292d8d1c,3020613,2018-04-16 12:47:34,GB,34,True
6d2a77bf-100b-4d8a-b94b-8d23a7374e23,2604144,2018-03-17 12:06:41,GB,33,True
6d6efb66-7b9f-4da0-90e5-933c0c7cf7a9,1537,2018-01-11 17:00:05,GB,60,True
6de02dfe-8113-4392-8b76-eedddf375aca,4707718,2018-03-07 23:55:01,GB,25,True
6e0b9627-4d64-44cf-a133-41415f831713,63448,2018-02-24 15:02:09,GB,38,True
6ee3f00c-c80b-4713-9425-5cfd4455d42b,3308146,2018-02-06 15:34:03,GB,28,True
6f57019f-0690-494f-9d9a-382d74770a1d,859818,2018-03-07 23:56:53,GB,38,True
6f6d0cf2-8439-4c8a-bf1a-92d2a33582fc,3776517,2018-01-29 14:44:11,PT,31,True
6fc2a097-de37-461a-abc8-d855e86db62b,1385640,2018-02-11 11:00:55,CH,49,True
6fd41bd9-6e46-468d-aa12-696f1fd240c0,1472360,2018-03-26 13:32:18,CH,51,False
6fead89e-aaac-4ed7-93d5-ac315c136d06,4894179,2018-03-13 15:20:09,HU,43,True
6feecca5-204f-4a14-95e1-427441e4196d,3264900,2018-03-15 20:31:31,HU,38,True
702a547f-c0f1-474a-b349-f451c7914fd8,105878,2018-01-18 22:43:46,GB,44,True
707d7034-10b9-45a7-b7d7-f985b385b551,4208396,2018-02-03 21:11:13,GB,32,True
7098f3fb-3283-4dd0-824d-ee78354bf03b,4163,2018-01-09 13:55:45,GB,35,True
70e22b98-ad9b-4ab5-9bc7-57e9cfc48b79,929239,2018-04-11 10:06:53,DE,64,True
70e2e41a-cbc9-4a4c-9cd0-6dfbf8017b46,103820,2018-01-26 16:17:24,GB,54,True
718daf0b-4914-48fd-b7ce-f30fe108add1,141676,2018-01-11 13:53:52,GB,39,True
718f9d6b-f07a-4ca5-987f-798268a0ee35,2923853,2018-02-08 02:28:15,ES,49,False
7235502e-438a-42da-8d3a-e2105e7a0260,4854748,2018-04-07 17:41:04,DE,38,True
7236a09f-1574-4e6e-9074-3ac062e59581,667333,2018-02-14 18:47:18,IE,30,True
7284361e-7935-4257-a998-615a4698fa84,682168,2018-03-17 20:10:57,ES,60,True
72c0365b-9228-4e3e-83c4-ffbf0e3203de,3574728,2018-02-10 10:58:39,GB,63,True
72c0938a-2d5d-40f5-a35b-1858236eea13,669966,2018-02-25 05:22:52,NL,44,False
746acd28-c69b-4c71-9203-fcf5aabbebb9,3866895,2018-03-10 18:10:05,GB,52,True
746ee9fa-50c7-4fe8-bdaf-d99ec6d86271,4626077,2018-04-13 08:52:55,IE,31,True
74ad7724-f375-4972-bd4a-a133aa854bec,5011842,2018-04-14 07:43:31,GB,48,True
75e5548f-9eec-4ad8-b859-e518063da11a,1687882,2018-02-21 08:46:11,FI,28,True
7650d737-6c85-4043-843b-bba312811d93,1124759,2018-01-11 14:30:48,GB,45,False
76b94eca-3425-4e62-85e0-9f4d4acdf7ee,4384129,2018-04-15 20:14:50,GB,30,True
76cded3d-d7a3-4787-b65f-0c356af7bd6e,864625,2018-02-17 07:48:04,GB,32,True
76fff536-7523-4d08-b778-ff6625c8b295,2464058,2018-03-26 13:37:26,CH,38,True
770e6010-0243-41aa-8a27-cef02d0bdc5a,2156054,2018-04-19 15:23:00,DE,51,True
7713e0b0-ffbe-4c03-b3f8-7efdec685b74,1170050,2018-02-02 14:27:51,ES,36,True
77505548-40f3-44d9-9878-760b07c8aa31,5182333,2018-04-25 15:45:36,GB,23,True
7752e419-83e1-42ef-a255-42f4635af7f8,225344,2017-10-20 08:07:36,EE,29,False
77c56565-e155-488f-a7ac-b0cc07bbf44a,4969552,2018-04-04 12:56:58,GB,28,True
7876e47b-0e78-43ec-aacf-be54840b3f2f,1255762,2018-03-23 04:48:07,DE,40,True
78fe891e-a02e-47c8-bb94-87a4609e60a4,3272312,2018-04-07 15:33:11,GB,33,True
79071349-baeb-42f1-a8a5-58e8c230c389,5006905,2018-04-15 12:43:22,GB,52,True
79209fbf-2d60-484c-ae09-4622b968c62d,4666672,2018-03-13 15:55:47,GB,30,False
7944f1cc-b5f4-4fa7-af79-1e8e71acc9d5,4773232,2018-02-28 17:38:10,GB,29,False
79d9572a-bb6e-42e9-ba1d-6f40d787c5cd,2653092,2018-03-10 13:26:36,AT,30,True
79e61cc5-10f5-4d80-9d4b-aba46b66d0c4,4945338,2018-03-23 14:30:30,GB,57,True
79f77705-1d20-4e19-b687-a39660e35805,1333597,2018-04-18 15:33:31,DE,25,True
7a1a277c-520e-4d26-bcd3-ef87d6f92976,3097829,2018-02-27 09:39:45,NO,31,False
7a4092e6-69d1-4989-8070-248f761593db,2112850,2018-02-09 17:35:20,CZ,60,True
7a57f216-1f4c-429b-9176-389847bedd02,532340,2018-01-14 21:33:41,GB,36,True
7ab914bf-cc1a-46e1-acc3-e47e458e82cf,1242555,2018-03-03 18:39:22,SE,40,True
7ac52161-214d-4b55-aecf-cda7c3c3e502,195042,2018-01-18 17:52:03,GB,36,False
7b018270-2bcb-41c2-a951-573dccd866f2,119395,2018-01-18 21:17:46,GB,44,True
7b760a82-4bd2-45f0-90f2-0657e78ebdf0,4934878,2018-03-13 15:31:11,GB,31,True
7b7b49a4-8a30-419d-b0c0-50c5952f4cd7,5123303,2018-04-16 10:33:24,GB,31,True
7b8e9bbe-d129-4b66-92e0-401a7abc402c,2382513,2018-03-26 20:01:35,HU,40,True
7b9ecb35-3100-48ef-bca6-8212fe33c90e,2162976,2018-02-09 12:24:38,SE,37,False
7ba74cb5-b58c-48b1-beac-ef23535eed21,2246775,2018-03-13 18:32:12,ES,45,True
7bab70c6-42f1-4991-9183-e7e4540815aa,455002,2018-02-09 13:15:14,GB,39,True
7be8f6af-0722-4476-af8b-b6c19cc2c607,57484,2018-03-23 14:38:19,DE,53,True
7c773d06-83a3-4666-bcc2-ec76afcb05cc,2714096,2018-04-12 19:36:43,FR,24,True
7c77aee0-6734-48b3-a6eb-fb055db2610b,3572116,2018-01-29 15:03:36,IT,30,False
7c8b79e0-ac54-4f0e-9718-f503b07d6dbd,1659170,2018-01-26 15:13:33,EE,23,True
7cb648e8-0357-4729-b816-304de808d511,1285031,2018-02-08 21:35:59,GB,34,True
7cc96467-eacf-4fea-959a-e53782404d2e,83934,2018-03-20 21:44:42,CH,53,True
7cd90f8b-548f-4a4d-8469-dcd03fcf5b8a,2152667,2018-02-08 10:33:48,EE,39,True
7d27b373-1a00-44fc-ae4f-92387f97d9b3,4043050,2018-02-09 14:01:11,GB,48,True
7d5cf8ea-29d9-4876-8002-24866a657708,1202783,2018-02-05 17:01:21,NO,23,True
7d673c4a-3963-4b0c-a713-d8779b45b72a,3357344,2018-03-09 17:45:06,NL,35,True
7dbbed4c-7ebd-4366-bc2c-6862dbae0efc,3868440,2018-02-01 18:55:39,GB,42,True
7de29e55-175f-440c-b0d7-a4478260b1bc,30881,2018-01-11 11:30:15,GB,36,False
7e1c9102-6f53-44e7-a366-291954292d7a,1017929,2018-02-12 16:21:05,GB,31,True
7e2c6a79-90f0-4295-828c-43457c7531bf,3971959,2018-03-10 19:38:29,FR,36,True
7e619dfc-e8f2-4347-94d2-c5b16a712ce9,3372002,2018-04-16 17:39:06,ES,57,True
7e76d9f6-67cc-467a-8430-4d791ccdeab1,12260,2018-01-09 20:43:17,GB,63,True
7f05bc51-a140-4ffc-8d88-91d5dd628394,22741,2018-03-16 13:45:15,GB,33,True
7f7060e3-4f3c-4e55-9a5d-1fec52771e4a,5015973,2018-04-06 14:41:36,IT,27,True
8051f5d2-8d6d-4750-b2c6-ea6df72ec8a6,1040023,2018-03-26 15:02:55,SE,34,True
80637161-74cc-402f-9da1-6cb14be58016,4970421,2018-03-28 18:49:40,GB,40,True
80e80aa1-c6a7-4f2e-a92c-39455ac4db74,5007787,2018-03-27 17:44:26,CH,31,True
80ebe763-7da6-4f28-bdaa-105bb6eb9704,1316075,2018-03-16 07:49:57,GB,43,True
81261a11-617b-4edc-9cde-9034d3ae885c,5074276,2018-04-04 18:40:41,DK,48,True
8129776e-a078-4727-b461-0c6ab20ec9a7,2697940,2018-04-16 14:33:33,NL,24,True
813b7592-c631-4a94-a4e0-b8f6820c5c08,4660431,2018-03-26 13:32:01,GB,37,True
81501250-7b74-4f71-8acd-f1258b7d8708,3407743,2018-02-28 11:49:15,NL,27,False
8165d81c-13dd-4d34-98c8-4b9d98b0ebc7,327652,2018-03-11 07:49:19,CH,41,True
8175026f-c61c-4722-a456-634a441e6d24,978490,2018-04-25 08:43:44,GB,25,True
817c9922-1028-469d-9082-0df5ebd410f5,2014084,2018-02-12 10:17:42,GB,30,True
81fb5ce0-9060-496c-91c2-9c3fca78aaa7,65205,2018-03-09 14:13:56,SE,26,True
824e1fc2-3110-4818-a770-720d2c72698d,4607392,2018-03-16 14:42:21,NL,25,True
82668c85-c2fc-4856-ad32-88cd67637e1b,4863765,2018-03-16 13:39:34,FR,29,True
8272963a-c311-4577-b823-9404876a755a,4008776,2018-04-25 11:51:56,GB,46,True
82735e3f-5784-4bfa-a69d-987fcbb4e1a7,1631578,2018-04-10 21:04:15,DE,33,True
827bd4af-f301-4773-9fc2-f1e1bf12af48,3240776,2018-03-12 18:49:19,GB,25,True
827fdcfe-2a4f-4516-8d2b-435fa3d8de47,3749671,2018-03-06 15:17:51,DE,25,True
82887499-c856-4255-9a81-ace104975b94,4795705,2018-03-26 13:47:57,DK,24,True
82d12702-1bd4-4306-8f2b-552c361ed24b,114144,2018-01-18 21:23:50,GB,53,False
830801db-b566-4cc9-9af0-2a80d5665906,4805766,2018-03-06 15:14:56,DE,37,True
830a869b-8139-4f10-be7d-45fa9edb0c23,692622,2018-03-27 10:09:42,GB,30,False
83b52769-f36a-445c-8463-4d0f83ffef9a,4833572,2018-03-10 10:48:09,GB,44,True
83cd69a1-64e5-4526-aa7d-3e423ccedfe9,273062,2017-10-20 06:49:58,EE,34,False
843c5e93-9271-4989-be63-575e6bc8f30b,4998207,2018-03-27 10:24:34,NL,18,True
844f3781-c396-4aa1-9e2d-b50be00a7b98,653251,2018-02-08 12:19:08,GB,39,False
844f731b-1d8f-4f00-a296-cf0683ccbb32,3412812,2018-02-08 16:12:59,GB,27,True
84a94885-a41a-47cc-aeab-4130f085c495,3454270,2018-03-25 13:56:13,CZ,24,True
84de8748-e61d-4ad2-b1ff-312e96c76558,2483456,2018-03-20 10:07:05,GB,48,True
84ea1eec-4afe-47a2-8aaa-dab7744638bc,428822,2018-01-26 17:50:33,EE,39,False
85517a0e-f1c0-4c0d-b379-1269e9259075,3160752,2018-03-26 16:48:27,IE,25,True
85598820-7586-4a80-bf05-e3e22651bf8a,557178,2018-02-21 10:37:50,GB,58,True
85648f45-8acf-426f-be3c-d43b9682084b,1937434,2018-02-07 12:39:23,FR,28,True
85bc0b2e-a14c-4e7c-9d97-5c6453d1e393,3237712,2018-02-08 17:17:32,GB,44,True
862c5823-5b24-48d5-a05c-aaca374754dc,4001873,2018-02-23 21:53:45,GB,33,True
8654f768-8eee-4e05-8a4c-e8dfa7533f61,111622,2018-01-22 07:51:56,GB,43,False
8656fce2-052c-4c5c-a351-aaef725c7bc4,4748507,2018-03-27 09:57:50,NL,45,True
8682c81a-3514-46c1-9920-cbba1883dac1,4953908,2018-04-21 13:55:14,PT,51,True
8697ffa1-9bba-4ccd-a0a2-a556f5477353,1382215,2018-02-17 01:00:29,GB,35,True
86e32341-8716-4481-8a92-ba03ce52ccaa,2588991,2018-02-09 16:20:42,GB,26,True
86f91e27-ac5d-4812-a1f0-aa502eeb6167,1621930,2018-02-14 22:27:59,GB,26,True
8709c7c8-a45d-422d-bf64-6941c7e23e77,144056,2018-01-21 11:19:50,GB,62,False
870ce74d-0c51-4e1f-8900-5b73b590e947,3900566,2018-03-10 00:37:31,GB,33,True
873e376a-f2d4-4848-82ed-9223e29f08de,4889937,2018-03-13 15:41:42,GB,47,True
874a0743-761e-45e8-a723-42a2a2d9442c,2392969,2018-03-09 16:29:47,GB,45,True
87fc7620-da3e-47a7-9abc-9400e50ef5e3,4554069,2018-03-19 11:47:46,GB,29,True
88168ef1-cfa7-40e9-8eb1-05d489e683a9,2000265,2018-04-11 22:27:23,ES,25,True
888fa646-eeb5-468f-bb8d-1d01b9f6fd1b,4979689,2018-04-16 12:25:58,NL,38,True
888fddfc-0f67-4d09-95bc-2de64b53e67a,3115651,2018-03-08 20:45:51,GB,52,True
8917a3d8-8371-43c2-bd4a-895dbcfd0d85,757202,2018-03-08 09:47:57,ES,44,True
8932c9ac-426f-4b80-a82c-0b3fcf236e52,102143,2018-01-09 13:22:27,GB,66,True
89371c9e-246e-4c01-b109-5078984b112c,1372883,2018-03-09 16:50:09,GB,54,True
89b2d7ab-47fc-431a-86e0-1c8d2a2dbe1b,4202256,2018-02-08 22:07:46,GB,30,True
8a961bb0-f557-4c9d-b653-4af8a3252e1c,4908452,2018-04-16 15:14:23,CH,22,True
8b0c3bc8-8080-40bf-b80d-a8ea6faf32e2,183755,2018-02-06 10:06:10,GB,42,False
8b2e7335-5df2-407f-b445-cd2c993a50b7,1017739,2018-03-22 14:20:54,NO,31,False
8b56a9ba-6034-420c-84db-71974bb5a4e6,221855,2018-01-18 16:52:55,SE,43,False
8bd7a7fc-6f8e-404a-89b0-ed8081c20709,18924,2018-01-18 17:24:26,GB,56,False
8c0b0603-12a6-47b5-82fa-3ffa87a0b88c,44890,2018-01-11 13:59:42,GB,31,True
8c1205ff-71a0-4b96-98b0-ba70374e25cf,3397793,2018-02-08 15:33:45,GB,21,True
8c4380bd-4937-4934-89ce-8eb925b36bc1,3457277,2018-01-18 16:56:05,GB,38,True
8c43824c-d993-4423-9f03-6fdbe0de08a5,3715463,2018-03-26 14:06:00,GB,51,True
8cbc8280-bb7f-40da-9294-d8b490ae904e,3502483,2018-04-10 21:47:23,NL,25,True
8cf528a9-24eb-438a-a814-f94e90b6acb2,3428945,2018-01-29 13:01:06,ES,39,False
8d192c45-5e92-4642-959e-bba1d95ed638,41578,2018-02-01 08:20:05,GB,27,True
8dc45b9a-4bfc-4d50-b3d0-6c2b327a4565,1518221,2018-04-18 15:17:44,IE,29,True
8df40161-6e1c-4548-b99e-dfbf15d69a69,782941,2018-02-24 12:13:46,GB,35,False
8e1b60ce-e717-40d0-b9ce-81209b2ddcf4,372077,2018-02-13 08:35:24,GB,31,True
8e543f27-9c34-4bbf-87f2-a796f966c67b,3410182,2018-03-07 13:21:05,ES,45,True
8e59941a-a392-4600-9f83-59d76b7e249a,1821942,2018-03-22 15:44:50,EE,46,False
8e8a112b-ac14-4a20-8deb-39e0965a0c45,169236,2018-01-26 18:49:08,EE,30,True
8e9cdbc8-830a-40f1-a3aa-4658356221c5,26683,2018-01-29 08:31:38,EE,29,True
8ebda6ce-df1c-49cf-8a20-fae7cf3d03d8,402156,2018-03-01 16:18:17,GB,36,True
8fdc8367-1f31-4ebc-82d6-b18b1137d9ea,4543576,2018-02-08 18:59:08,FR,56,False
900e6201-4be0-43a4-8431-ec430ed90163,1803580,2018-03-08 13:45:45,MT,28,True
90a7e24c-6132-490a-9f58-62985c758c16,177489,2018-02-06 19:53:51,HU,37,False
90c4bc97-3e50-4113-bad9-0d714c21f3ba,3133886,2018-04-25 11:57:24,GB,48,True
9171d0f6-3160-451f-a0c9-9e5d45d4ea38,4096989,2018-02-22 12:22:12,GB,44,False
91833906-6d49-4e59-80b5-eefdeb8dc338,4214923,2018-03-14 09:13:08,ES,45,True
91e147ad-56c9-4a1d-9d85-754bbe994a96,1266679,2018-01-11 14:13:53,GB,42,True
9246ab6e-8e73-4ec9-b816-06fac6c1adbb,1902737,2018-01-18 18:13:09,GB,34,True
92607786-dd03-4c8c-abac-34e5036a1a48,4557186,2018-02-05 15:51:21,NL,42,True
9299a68e-867c-4bb3-8ea0-fac7e74d348f,1882006,2018-02-27 14:09:20,GB,30,True
92ddb639-e994-4b37-a671-99b45c9fa704,129061,2018-03-26 13:35:17,FR,28,True
9304a4a0-4362-44d2-9b40-1598d5fb9017,1733141,2018-04-12 17:32:22,SE,35,True
93b68964-f881-4315-85db-daffc510eda2,404705,2018-02-12 15:33:47,DK,47,True
94864ce1-26d4-4d8e-8304-61d499fa78c0,641075,2018-04-18 15:32:40,GB,27,True
94d138d2-88db-4594-a706-4d80dde6ed8e,2364019,2018-03-04 21:39:25,CH,42,False
95babba6-0864-4a21-b85c-7e10bdc14ffa,4922511,2018-03-26 18:10:02,PL,39,True
962229ef-e8b0-4a58-b7d1-e5d3d56a9879,1022091,2018-01-29 12:46:28,DE,44,True
96a6b41a-865f-4ffe-9533-225ff631ffa6,565512,2018-03-04 09:58:55,GB,33,True
96b951ca-2df0-4554-8fae-e6352e4f2d02,4547789,2018-03-28 16:26:44,PL,38,True
96d147b7-e4bb-46ab-84d5-659a4597bfe6,108071,2018-01-25 07:57:18,EE,27,True
96e7994e-eb8c-4fd0-852c-ef5d87529f4c,2039799,2018-02-14 17:09:02,DE,35,False
974f9c10-ebf5-4e8c-994e-63fca8abe266,4818262,2018-02-27 12:58:14,CH,30,True
976ae12b-1efe-42f7-a3e9-556d1ea6c96a,156518,2018-02-06 08:55:35,DE,33,True
97d036b4-ae5e-4cdb-9940-4fa2472665a8,1115974,2018-03-27 11:52:40,MT,35,True
983c6de6-d1f5-4227-bb2c-12dcb737db31,672802,2018-03-07 16:56:31,GB,37,True
9855760e-7ff1-43ce-861a-822e8d96e570,981579,2018-02-22 20:18:09,NL,38,False
9863cc43-fac0-4c34-be9f-4be295fbe728,67925,2018-01-21 17:16:27,GB,36,True
98f72deb-7de2-4e6b-9906-8e9502f56a9b,1229590,2018-03-07 21:42:20,DE,45,True
991b1fff-64c7-4985-96e5-ebb715efbda9,26633,2018-01-30 14:34:31,HU,31,True
9970d523-2283-4e21-ba80-95f5591ae91c,4006274,2018-04-04 08:05:06,CH,24,True
99a2a7f7-8aaa-4f36-b7b0-cf16eed86f75,326643,2018-03-27 16:55:09,DE,27,True
9a50c907-8f66-4e40-875e-3702767e80a4,3793230,2018-03-26 17:30:07,ES,52,True
9affd8bc-58be-4bb2-a594-c68c74d234fa,2993163,2018-03-07 21:17:13,IE,25,False
9b13c71c-502a-4f37-b423-677e375e1f83,2555409,2017-10-24 06:54:16,HU,27,False
9b329e03-eb1d-4194-a672-f708a44742c4,1147381,2018-01-11 14:27:26,GB,32,False
9bfdd149-458e-4029-84f9-d8a0ea9cb0cb,3075121,2018-03-14 12:47:11,GB,56,True
9cae301e-68c3-4968-89d2-96c51cd1610c,2928686,2018-04-17 07:35:57,MT,73,True
9cd22700-f878-482a-9fcc-28a473d8dff6,640717,2018-02-15 16:27:26,GB,33,True
9d04a5e2-68a4-4382-b90c-e8223c4ba7f6,3814996,2018-03-07 14:57:42,IE,42,True
9d1db2b5-c4b7-4c84-befc-42b526575de0,2527131,2018-03-06 15:41:23,FR,32,False
9d3deacd-f5b1-424b-82ee-ae06f4c933f4,1439717,2018-02-09 12:50:13,FR,29,False
9d528850-1015-47e1-828d-de4ffbf99d0f,2823487,2018-02-07 12:34:42,GB,26,True
9d5c62ba-2773-48d6-b155-80deb829411b,4719727,2018-03-14 07:08:00,RO,25,True
9db3c849-010d-4c89-8546-2feba886e0d9,1930825,2018-03-28 10:07:19,GB,50,True
9dd96a03-3f56-4c3b-bee3-f93565dffa93,4806254,2018-03-16 14:54:55,SE,45,True
9df566f2-0d9b-46c1-a84f-547bd2e914fc,906847,2018-02-21 07:13:22,EE,33,True
9dfd63c3-07c3-4b00-882b-426978546c86,2338901,2018-03-01 13:30:13,GB,47,True
9e023457-f421-4cca-b67b-183fa75f419b,942914,2018-04-12 01:21:03,GB,40,True
9e447ed5-0020-46fc-a126-9b90d397d7be,1140804,2018-02-06 18:19:16,GB,40,True
9e7d1775-05f9-44ef-932d-5957be366520,3090965,2018-03-20 15:38:27,GB,64,True
9e94c842-1dbc-4861-8034-d8fee47e3654,4750485,2018-02-23 15:49:43,GB,38,False
9ebeb56e-8b1a-4616-8ef7-a53265f7408a,4946168,2018-04-16 16:23:50,GB,54,True
9ef95865-e7d4-4177-952e-94947a5e61c0,3538658,2018-04-25 18:53:33,GB,35,True
9f06b5e6-fef0-490b-9e12-0b9d02631dbd,4487417,2018-01-21 03:22:18,GB,28,True
9f128b6a-1bd5-4585-895f-6f57e91b2d8f,4489097,2018-01-29 18:29:57,IT,31,True
9f45e622-9b52-4b3e-95ab-66ebf34a42ee,1838440,2018-03-26 22:19:58,DE,28,True
9f64f4b4-fb49-4e0a-aa1e-898d4acac3f2,65624,2018-01-29 06:55:57,GB,31,True
9fc2e12c-227a-4088-855d-a74d1a02dd84,4685831,2018-03-14 14:50:57,NL,44,True
9fe2ea60-62a1-4512-8dd4-5b7f85552511,1568331,2018-02-23 16:14:43,ES,36,True
a03aa7c2-6022-4d69-a710-b3c0475ac83a,91389,2018-01-21 20:37:46,GB,51,False
a0b48644-9b9c-444e-9ff8-aa0e09ee238f,147905,2018-03-05 18:25:26,ES,45,False
a0b89157-6915-4d1c-8abf-761880a0bc1e,161358,2018-01-11 14:27:35,GB,41,False
a11934ca-804e-459b-aef5-8168c91b6d33,56342,2018-01-29 07:11:55,EE,28,True
a195f749-9bff-4229-ba01-1d5b4fa38e11,1246722,2018-03-13 15:31:14,GB,28,False
a239fcf5-4df5-4fc4-8c55-016b1cf8ae53,4915416,2018-03-28 09:36:20,FR,36,True
a25eab9d-4ce1-4447-a8e2-3b5613628c19,4830013,2018-04-16 12:52:11,GB,31,True
a2795d10-63d6-4439-a0aa-2792da26433d,5150931,2018-04-18 15:03:28,BE,32,True
a2c795ec-405d-422b-b241-55c58525854f,242181,2018-02-19 14:41:43,GB,32,True
a3c94641-0bfe-4035-8d0b-60281d7b9d11,2785814,2018-04-16 16:35:11,FR,58,True
a44eecee-22a9-4d63-9f60-4ffc87c1b580,194490,2018-03-27 05:43:02,DE,45,True
a4592784-9a1e-4669-b554-3d2dff5409b9,661260,2018-03-15 17:40:29,DE,28,False
a49e8617-ec3d-4587-8026-7b9a3b7a4b14,4847176,2018-03-06 15:58:48,GB,22,True
a4c75a21-630f-4b8a-a032-958df6f7e835,5037771,2018-04-18 15:42:47,GB,44,True
a4d26a1e-2e74-4ac9-b2bc-8d1d56fc4aed,4883006,2018-03-21 12:53:42,NL,27,True
a52e2387-9421-46ae-be22-4cc18b010eba,2502861,2018-04-10 09:18:21,GB,35,True
a52fd801-fa66-4db6-ac68-e41f7ef9ccc2,1631308,2018-01-29 14:31:11,ES,31,True
a5332d08-9bcf-4dc7-9f1e-84fd1d91d4fa,771113,2018-03-31 19:54:04,GB,52,True
a5a7185b-a6ee-4bc9-8c3e-62819592761b,4870913,2018-03-14 05:17:13,CZ,32,True
a5ab6ffd-d7aa-4e48-9939-1160e0dbb996,742861,2018-01-29 12:22:43,CZ,28,True
a5b35566-e9c6-47e4-8bce-8f0bc6474b42,76736,2018-01-30 09:03:36,GB,51,False
a5dd63f4-243e-4b13-85ec-ffab2498a191,507891,2018-02-25 12:40:29,GB,36,False
a620f04f-7a06-4612-9a0e-b655862c480e,48988,2018-02-16 09:03:58,GB,71,True
a66ce473-47e7-42e9-8aa1-24247647156d,5069128,2018-04-11 21:15:17,GB,26,True
a7c1d5ca-39cf-4710-8d95-eb97ec00ae5f,2225492,2018-03-19 15:54:27,GB,53,True
a7e07e49-a5c3-49fe-be44-aeff7a6846ae,2042371,2018-03-26 13:31:36,CH,54,True
a82da50b-1908-405d-a24c-0216ddb42839,388906,2018-04-11 15:08:32,GB,47,True
a9940216-090b-43c3-ae10-5472427eb650,4984155,2018-04-18 16:50:37,IT,42,True
a9a2f058-aa5b-42cf-be70-3ce70c2629bf,742475,2018-01-27 23:13:51,EE,28,False
a9adc8fc-c228-47db-8eda-417c02e409f4,1033275,2018-03-26 21:37:52,PL,48,True
a9b34976-572a-4ff5-8720-6f3e9ae70656,1193219,2018-02-23 12:22:19,EE,40,True
aa3b3458-54e8-47dc-a021-dbdd54e23f98,711555,2018-02-11 20:58:28,BE,34,False
ab051d9e-e995-499c-88b0-b0a5f161137b,4633632,2018-03-29 09:30:24,FR,37,True
ab3e969b-0671-4315-9995-1216c069a059,4715498,2018-02-27 10:41:19,IT,31,True
ab3f3970-5740-424e-b147-9ccb4d4f2edb,5078456,2018-04-16 10:49:37,DE,22,True
ab7ac98a-20a5-4d69-afd6-733050db572e,3301201,2018-02-05 18:17:16,GB,36,False
accb829b-606a-49b0-8795-eb54a669d4ba,1587954,2018-02-28 21:04:33,GB,25,True
ad4e159f-0de7-4185-a8a5-3aa128656bb3,4345008,2018-02-08 16:33:30,EE,28,True
ad4e1cc0-f410-4d74-8323-915f15bdab67,4950484,2018-04-16 09:23:07,DE,53,True
ad611fb9-992d-415b-888a-cd40b29fb003,377391,2018-03-01 07:18:53,GB,37,True
ad685fe1-1861-4752-851a-5ff7636d29b6,17933,2018-01-09 12:51:35,GB,68,True
ad6ff216-0e69-484b-ae7f-1313f42d795a,473854,2018-03-22 10:26:15,ES,38,True
adb3c184-33e3-4a47-8493-78cc117a9c85,3678184,2018-02-07 14:28:31,SE,35,True
ae5be5f8-9bc5-4d83-abbd-a96f23b5c558,2739529,2018-03-07 20:18:13,BE,35,False
aeb285c6-d4e1-4fdb-bf3e-f84d3db4659a,1112873,2018-02-13 18:09:11,ES,29,True
aeec3fd1-2cd7-4cd1-a869-667f15f9112e,360830,2018-03-28 11:30:03,GB,58,True
aefec1ef-f57d-4667-8e26-23d580c71d70,3657935,2018-04-20 18:01:34,FR,35,True
af026a1f-0c7b-442d-b706-df5c63b842fe,23692,2018-01-11 14:34:29,GB,43,True
af1f5641-4bf9-48d9-9f65-f36ba8e0c1b6,1375006,2018-03-06 15:25:05,DE,43,True
af3de5af-3907-450e-9a76-be9ced72c8c5,2415274,2018-01-27 08:20:03,DK,30,True
af484fb1-13e3-4191-8d2d-1c87ae8ea502,4932568,2018-03-15 10:31:38,GB,38,True
af5235f2-029f-407d-9f5d-cdb577226c3d,156154,2018-03-27 20:42:10,CZ,38,True
af72d169-9c03-4319-affe-8afee6ff6c74,2247826,2018-04-06 08:42:57,FR,29,True
af82651b-d64d-4e20-9c9f-ae95f9273a02,3675524,2018-03-26 13:25:03,MT,49,True
af93e145-c8f2-454d-b472-f116e373a526,2954540,2018-02-28 14:09:00,FR,52,True
afbb4e87-0007-46da-987d-047d5b3d64d7,559862,2018-02-27 14:15:22,GB,28,True
afca4de7-eb1d-4af3-98a7-3286322670cc,4810771,2018-02-27 16:19:53,DE,58,True
b0090e11-ad53-420a-a106-0261701e41a6,1105946,2018-03-27 10:08:18,PL,33,False
b0be6610-cbb3-478c-92de-a239643dda6d,4099364,2018-03-15 17:31:42,GB,29,True
b0f51ab1-4490-412a-961c-eaa680b6555e,4845169,2018-03-09 19:04:37,CZ,44,True
b10c0cd2-d5ba-445f-97e8-d3134a730088,4111876,2018-01-29 22:51:29,GB,29,False
b10ecfc6-162b-411b-9643-44c0e11df212,1558506,2018-02-05 05:54:31,EE,31,True
b1165af9-dc1d-420b-b74e-ae058fbb353c,194899,2018-01-18 15:53:46,GB,36,True
b11af2d3-de64-4f91-a660-ed5a6a632eaa,144781,2018-02-08 11:26:58,GB,43,False
b12e033a-c974-4b2b-8736-ee70504344d9,4577629,2018-03-16 17:34:01,PL,48,True
b1326a61-107e-45e7-83e5-c730aacbd6d7,4824028,2018-03-20 12:31:09,CH,48,True
b13f2dfa-4437-4550-878b-de9e3bc7b89e,3301075,2018-04-11 19:37:25,RO,31,True
b143231a-b029-4579-b75e-53a0ed8eaaf7,3506168,2018-04-08 10:44:11,SE,36,True
b1a928dc-dddb-472e-93ea-ac7c9fe27d97,1240332,2018-01-11 14:39:06,GB,34,False
b1d84169-565f-4929-b073-4330b800cb97,4372870,2018-01-29 17:11:22,GB,36,True
b1fb0a86-51ab-460f-bfac-4236c5517fd1,3463058,2018-02-27 11:37:48,GB,27,True
b2025bc9-ce4b-4ea8-9d4b-c2e16df26ef7,38116,2018-01-11 14:16:05,GB,59,False
b2ce863c-8b6c-4ca5-a773-0a7306483415,4224868,2018-01-18 15:43:53,GB,42,True
b3016653-a9ec-4d3b-9d1e-28d456ad4648,424577,2018-01-11 13:54:48,GB,48,False
b3038ddb-3c69-4a4b-8a79-bc46e398784a,142751,2018-01-22 08:04:18,GB,54,True
b3266aa8-b3e0-4125-893f-eb38a4c1f487,402691,2018-02-28 21:16:03,HU,30,True
b32a4ae8-2a96-4c9d-986d-403282d5d276,54819,2018-04-09 16:43:21,CH,39,True
b3633b50-b807-49f8-bf5d-3ceddb6922a3,1299311,2018-02-14 14:24:10,HU,25,True
b3abaf11-1854-4770-bfda-9cd016e162fc,1006097,2018-03-26 15:46:23,ES,45,True
b3bd4720-c2a8-4eb2-92cc-515979ffd5be,4200893,2018-02-08 15:55:01,GB,33,True
b4768fda-adf4-40cd-b125-6b4d7e2c09ed,1795089,2018-01-29 14:18:25,GB,33,True
b4ea0535-bfbd-4032-aa4f-cc5e570b1c86,1350640,2018-04-05 09:40:50,CH,32,True
b4f9bdce-3927-4842-861e-981342d516e4,413165,2018-03-02 17:13:23,GB,34,False
b568e3ca-642f-4806-a8b4-1b553fe836cb,4790610,2018-04-25 20:27:25,GB,34,True
b5790b42-f368-4dcd-a60e-c0a019aed821,2438519,2018-03-15 23:41:33,GB,52,True
b5831f35-63ea-46c4-952e-895c814f0684,2698115,2018-03-26 13:32:30,GB,23,True
b5c32b5e-2a6b-48f9-8898-2dede29a8040,5145492,2018-04-19 13:14:23,MT,43,True
b5ceefd4-42be-4e2a-94c6-c3f18aa6a580,5011512,2018-03-26 16:43:16,GB,52,True
b5d377d2-831e-4c5f-8d05-279bce1f5612,4169160,2018-02-20 22:30:20,GB,25,True
b634ae20-a2ce-4a27-9a66-73729e7d8f50,3957633,2018-02-02 08:24:02,GB,28,False
b677d5c7-f663-41f3-94bb-10a3dc6c1546,349708,2018-02-07 12:46:52,MT,73,False
b6a5d8fe-d6fc-4e4b-96bd-6c6407913398,4475527,2018-02-06 16:12:03,GB,26,False
b6f82a60-8c21-4bb6-aee2-5f523a9eb7bb,3111755,2018-04-13 14:47:42,GB,42,True
b72170ed-5b74-4c95-b72a-ad27465ff913,5163896,2018-04-18 15:50:04,GB,36,True
b77da924-8fa3-4ae4-9e78-eb770cd4793c,347842,2018-02-25 10:42:29,IT,47,True
b7929953-b704-49d8-999d-b729282ec987,740103,2018-03-13 15:52:35,GB,34,True
b7ec37d0-e6d0-4ed5-a8e2-d4d5972c80db,4625074,2018-01-29 21:42:06,GB,46,True
b86d5256-ecb5-4a12-8067-af6a0df6796a,3223048,2018-03-06 15:08:21,IE,27,True
b881d623-4904-43c8-bd66-ee1cb0a559d3,607689,2018-04-15 17:40:21,DE,29,True
b8a50f4c-1a13-414c-aae9-e878439a0bc9,3243773,2018-02-08 06:43:47,FR,36,True
b8d015ba-a3e2-4adc-9176-abc2aafe3bb1,1818424,2018-04-09 13:49:03,HU,35,True
b9bee682-7f33-4878-89a8-a35a21b7c61a,2930716,2018-02-23 10:00:50,RO,42,True
b9dd3fc3-6a91-42cf-9acc-a9664e652f53,182417,2018-02-22 13:33:28,GB,70,True
ba03c299-a847-46c9-9733-f4f84f700835,2955123,2018-02-28 20:09:06,GB,27,True
ba8ab2ab-5bae-4a34-a2e3-86193c441f9c,4199924,2018-03-09 16:31:02,IE,27,True
bae73c01-2fea-4049-ae86-cae952bd6130,4285589,2018-03-13 18:51:34,HR,39,True
bb27247a-c566-4716-bd23-45cdab5bb0ec,2334464,2018-02-22 16:39:12,FR,22,True
bb3299c0-2e12-4cff-9649-374bd3aea1e4,2304546,2018-04-01 20:02:42,GB,68,True
bbbdba31-594e-4037-aa43-80b4a399e104,106834,2018-01-11 14:06:47,GB,35,False
bbdf85c1-ac7c-4827-843b-cc9bb6eff0d7,3199816,2018-02-22 10:26:09,FR,66,True
bbe9e4a3-64f4-42f7-9ea2-6469e1c3eb25,4498811,2018-03-15 19:12:09,GB,27,False
bc3b6920-26a3-4316-bf89-6046f541f4ae,4995789,2018-03-29 19:05:01,FI,43,True
bc757c88-4c3e-433b-9a40-b3b403fffb95,3722287,2018-04-16 13:55:36,DE,50,True
bc888e41-4619-4478-a037-09c496728d54,4715942,2018-04-25 15:27:18,GB,29,True
bcde0bee-7205-4574-bf01-9dfbdee292ad,107616,2018-03-06 16:44:55,HU,33,True
bcec3055-8ab6-47d1-af43-20a6979bda5e,2178486,2018-03-11 14:05:23,GB,32,True
bd18c775-ff03-4403-a403-69bf58b00f9b,1839921,2018-02-02 08:28:33,FI,27,False
bd4e8d87-84cb-49d5-ae8d-66ec966dc032,3207441,2018-02-05 19:46:40,FR,30,False
bd786001-bf2b-4aa1-bc0e-1bcede4b21d1,4508709,2018-03-26 14:46:13,RO,38,True
bda096ed-2f98-4cd1-a132-5264a1e6ac6a,835826,2018-03-14 14:44:59,GB,41,True
bdbeea0e-4fbd-47a9-8478-00e8b7dc8085,265,2018-01-18 17:30:22,GB,38,True
bee404b3-804a-4791-8c95-71ab06159567,4724017,2018-02-28 10:41:29,CZ,35,True
beefc854-4b17-4a8b-bd8f-331299875adc,4837940,2018-02-27 20:09:37,CH,27,True
bf08430d-d543-430b-a1c4-d3b1d44231f3,4719516,2018-03-09 15:31:04,DE,27,True
bf2d1e43-0448-4d95-b0fd-67519257098b,1749738,2018-02-15 09:26:22,FR,28,False
bfa722d2-3e54-4e55-be91-c1cdf14512cf,4286276,2018-02-17 21:59:47,GB,37,False
bfaf1d83-e471-463d-b794-a6cd04b380d3,2468297,2018-03-29 11:42:40,FR,36,True
bfd9f1b5-0754-4672-91cd-925e72994864,4523854,2018-03-28 15:01:23,GB,25,True
c0c866ac-c3f6-4ef8-a1d3-13d42db7ccca,3226938,2018-02-14 21:44:25,GB,61,False
c0ec17e0-6652-427b-853a-00c410189e26,4992380,2018-04-13 13:56:05,GB,52,True
c0f7cc5a-0f33-4e0e-b907-8540a32301a8,2701342,2018-04-04 13:49:06,GB,30,True
c18b79df-fa2b-49fb-b040-dd60c65ff1f2,2869668,2018-04-18 19:09:02,ES,39,True
c1acb157-d43f-4250-8881-ab23466021a9,650364,2018-02-12 17:29:48,GB,38,False
c1b48e80-5488-4cbb-af6f-ae0888014d48,4518504,2018-04-04 19:57:22,GB,39,True
c1ba65f1-5ffd-4a60-bbdb-5d1a4f009b25,4525862,2018-04-19 18:24:15,GB,33,True
c22623a8-1887-40d0-9846-36e0e01e6f73,2651176,2018-03-27 12:01:14,FI,28,True
c24eb192-ad33-47fd-b8ba-890ebddd9fc3,352794,2018-03-08 14:02:44,GB,49,False
c2a0efd2-942b-4cae-8cfa-c3d6f0b7f16f,4296451,2018-03-26 14:15:06,HU,80,True
c2b7c232-e0ae-446f-b2e8-9afbcf6f4d28,2678441,2018-02-08 13:30:12,GB,37,False
c33fbbba-304f-4da2-8e0a-8f7a0f03c4df,2183833,2018-03-08 14:58:59,GB,34,True
c3b052c3-5839-4413-a765-bd9871e569ea,1692714,2018-03-04 14:45:40,CH,31,True
c3c51d9b-8167-4219-aece-02d95e1809e1,4750583,2018-03-15 20:00:04,SK,24,True
c4820900-bf86-4da3-b4ab-2fbcd158cf2c,363705,2018-03-27 13:00:23,ES,63,True
c49ca984-a43e-48a3-aa8a-75b308d9c2e7,2953229,2018-03-20 06:54:32,CH,48,True
c49f72bd-27ce-4b08-8320-4c484e8899d6,4714854,2018-03-31 21:52:25,PL,32,True
c4e148d5-36b0-4244-b772-e8452deed6d7,822620,2018-02-08 15:37:04,US,34,True
c4f28152-46b5-4d93-8469-753389793495,1881249,2018-03-06 15:06:47,GB,25,True
c4f32e6b-4673-4ed2-a5d3-40dab4b8273e,905004,2018-04-05 15:31:18,IE,31,True
c4fffbde-408a-47f2-84ba-9d8a317dd1bb,3690541,2018-03-06 15:09:08,DE,35,True
c544c5c4-87d8-47e3-9139-f4c9a0852823,103656,2018-03-16 06:24:25,FR,47,False
c614759f-6c66-481d-a0ed-baefc85a999d,98013,2018-02-13 19:27:38,GB,30,True
c639e1be-b5d6-4c9e-b712-c28a20829d5b,43998,2018-01-24 16:53:25,GB,45,True
c66c449b-4c4e-4ff9-934c-89d6493a97d4,1057147,2018-04-11 20:39:08,ES,39,True
c6a94149-a51c-4f96-af64-04210d4aaea0,5035659,2018-04-13 19:35:47,PT,24,True
c6af3fa9-9deb-4589-a969-650d65b6ec84,529125,2018-01-11 08:00:15,GB,36,True
c6bebd92-5a96-49a5-b986-4b6299206706,323228,2017-10-20 12:28:03,GB,36,False
c6ef771c-205e-4e95-8425-d5c53665c0b0,4131520,2018-04-06 11:01:38,CZ,34,True
c7e2ef4a-724a-4a96-a831-0c9653a230bc,4223745,2018-02-23 15:44:16,RO,27,True
c81e41b4-a8e8-43fe-8d4e-036b099364f1,1547216,2018-04-04 02:22:19,NL,36,True
c828f8f2-390d-451b-b177-a91575344b25,2219327,2018-04-05 16:16:58,FR,32,True
c860dd99-91a5-466d-aa29-43f3d82ae138,10980,2018-03-06 21:30:27,ES,50,False
c871086a-e4b7-4e84-adaa-f9d3d512606b,92203,2018-01-20 13:03:32,GB,55,True
c8e93246-935b-4796-93a7-47f71e1d1610,4871193,2018-03-13 15:46:43,FR,41,True
cab1898d-6285-4381-ab5c-e64bcc1c2cf0,4821409,2018-03-25 08:46:23,CH,34,True
caf5692e-8122-48dc-b0c8-6a5471ee7b79,4989109,2018-03-26 14:00:21,GB,30,True
cb3aa66f-cc7b-4c13-b7cd-91e2d4d24824,3249659,2018-02-07 17:30:02,SK,44,True
cb3e7bb4-1761-409f-84ca-4c2e8b45c651,757717,2018-01-29 13:08:47,BE,40,True
cb676b88-41c4-4138-a48d-c22ca93a2882,465550,2018-02-08 14:59:48,GB,34,True
cbac732b-8579-4e33-adc4-fdb926919121,4839871,2018-02-27 14:40:00,IT,36,True
cc849756-2b5c-499b-a912-098cc48a32ab,576528,2018-04-03 23:39:27,ES,31,True
ccaab19c-1733-44fb-af45-dea324aced03,3666678,2018-01-09 13:03:03,GB,59,True
ccb25949-c1c1-4c23-81c9-7bdeb89e709d,1812943,2018-02-21 18:01:26,FR,30,True
ccfd1ad9-c242-42ad-ada4-e347ad76b275,1086801,2018-01-09 13:42:57,GB,40,True
cd849abc-d49e-4dc6-8d6e-5aeb7c69bc11,35934,2018-02-27 13:59:34,HU,28,True
cd851e41-9409-45a4-896d-9569cde1f987,4882409,2018-03-28 08:58:00,CZ,27,True
cdf36363-afa4-48ec-be02-7fc9767c0697,179042,2018-01-19 21:35:55,GB,42,False
ce332251-d5df-450b-9446-f91fb5d7cf1d,699541,2018-02-19 18:42:21,HU,37,True
ce43ccbe-55d4-44d3-bbde-9eacb111a503,4439796,2018-03-07 20:23:24,AT,26,True
ce45830b-c079-495e-b161-4379a2098124,1811319,2018-02-05 19:59:11,SK,27,True
ce533a7b-6e74-4d98-99a9-3ad6caa6b96f,4793429,2018-03-13 21:07:43,GB,48,True
ce6730ad-e0ce-4bee-a3ef-e33e4859506e,3738943,2018-02-10 15:59:56,IE,53,True
ceb71795-f647-433e-9e27-4b5fb890ae84,1586838,2018-02-27 12:02:13,HU,23,False
cf009bba-6f1b-439d-940d-5f7cfe96f6e2,472531,2018-03-03 08:11:18,ES,65,True
cf1ed7b5-3daf-41cf-9834-b38906d38a20,1108193,2018-02-06 15:17:53,SE,35,True
cf4f5994-9ed7-40f6-82cf-a68b104c0b61,587869,2018-01-18 17:27:57,GB,31,False
cf8d0adf-eb33-40da-b059-4dd10e5505ff,2434547,2018-04-12 06:33:04,FR,26,True
cfb76833-ccc2-4890-a150-362956c13ded,478221,2018-03-17 12:19:23,GB,29,True
cfbcae07-55ae-465e-a976-4f9d8bdcc3ef,525759,2018-03-19 12:41:24,GB,22,True
cfbfa19c-ff4c-47fd-8850-1506277b8631,1154156,2018-02-09 20:40:23,DE,29,False
cfd1213e-1eea-45c9-baa2-b5b95f9f099c,4594744,2018-04-18 16:27:45,PT,34,True
d02a38a8-299c-49b4-b453-453e26ee0cab,967289,2018-04-11 19:53:26,PT,41,True
d043d56d-60f4-4315-aa7e-ea069eed6af4,2350915,2018-02-07 12:55:07,FR,28,True
d08f3781-bb7f-4adc-bcfe-db422f2284ad,3520789,2018-03-13 15:39:09,ES,57,True
d0bf6483-2ed7-447c-96f3-cc37b45b0acb,580510,2018-02-27 09:45:02,GB,32,True
d1868fbc-5345-4f8c-b138-66ec014f3697,1168153,2018-03-09 17:12:28,GB,42,True
d186c8d3-5ef5-40cc-8c58-150c6beaf1e7,757497,2018-01-29 12:54:36,SE,29,True
d2438497-9290-4f2e-bb62-03de16d304af,1548937,2018-01-17 19:21:23,HU,34,False
d2c28583-d5c2-4bd9-b049-e905cdf898b0,360081,2018-04-18 16:24:50,DE,54,True
d36961df-22bf-4cd1-a71d-17f3dd2c38be,469073,2018-01-11 13:57:47,GB,40,True
d3b5bfb6-e450-4051-8a33-5725364fe57f,4645634,2018-02-09 14:58:47,GB,30,True
d3dd0799-2e78-4244-8bf1-700ad9027ba0,1468942,2018-01-19 14:30:55,GB,31,False
d413faf0-a669-4c98-b522-8a40859289aa,556746,2018-04-11 12:51:29,GB,29,True
d46b589c-dd37-4826-95c0-9873a3b0f7aa,2569315,2018-03-06 15:12:12,GB,42,True
d4830abe-4dbf-4125-a91a-b926d18c6856,871136,2018-03-26 20:06:09,ES,61,True
d498b094-f134-4732-90a2-8fc6eab12f87,4169702,2018-04-14 15:00:14,GB,29,True
d4c4d718-dc9e-43a8-82d6-619334741c98,196001,2018-01-18 15:49:46,GB,45,False
d502de90-570a-42ff-8b4a-e5945c1909d0,1726591,2018-03-21 16:04:43,HU,36,True
d580df24-8f6b-47be-a94a-350d7a9c7ded,1228948,2018-03-26 11:35:37,FR,47,True
d5a197a1-ce3b-40a1-8fc7-8355caa37519,1037034,2018-02-09 14:14:29,GB,40,False
d5ca341c-27e0-478f-9b4b-f996ff37b9de,259590,2018-02-28 13:21:26,PT,43,True
d62bfa94-d596-4f73-9db7-8b3f4cc18c6f,2341038,2018-02-23 17:04:18,PT,67,True
d654c057-338f-44d6-ada4-9831761b7781,232459,2018-01-18 20:08:35,GB,44,False
d6a2fa29-ca79-4879-b1e0-27369afb7a55,4531948,2018-03-19 09:24:12,GB,44,True
d6bbc522-767e-426c-ab6c-a600ac2b9d9b,200608,2018-02-22 16:54:31,EE,29,False
d6c7a6e0-a5fb-413d-8a77-04e5c30d4cfb,226863,2018-02-07 14:06:47,GB,31,True
d7001f59-ecd7-4fdd-8c52-ee132a7e78b7,896732,2018-03-08 15:16:07,ES,32,False
d74cf695-b832-4d95-91a3-854a7d3d9c7e,2880688,2018-02-06 15:41:54,DE,25,False
d76d018e-3531-47fd-a931-bae12398a4fc,157306,2018-03-18 12:03:19,FR,28,False
d7d99690-0d78-4442-8859-eb273fa9f042,2259745,2018-02-27 21:19:42,GB,27,False
d7dc8e1f-0ad7-4272-a40f-95cda0d549e6,63360,2018-03-26 13:30:54,FR,42,True
d8177a5b-b7c7-45d3-941c-321d39c93a62,2222644,2018-04-25 13:20:36,GB,23,True
d8557ce0-7e5b-4a14-90fe-2c469ad68918,4278614,2018-02-01 19:54:43,FR,25,True
d85a9663-34aa-4702-8f5a-fb871190d91c,1558434,2018-02-06 15:22:31,GB,38,True
d8697c9b-85a1-4f70-9ada-fb4c70d73164,3596891,2018-03-15 16:47:52,GB,60,True
d884a97c-5a75-4585-a3ca-199bdbe3b2dd,140399,2018-01-18 16:27:30,GB,44,False
d89cdff4-a32c-426e-a881-5a7877aa78da,26450,2018-03-18 22:57:25,FR,65,False
d8a2b2a7-60ca-404c-adc6-f4784a07a73e,2466863,2018-02-28 12:33:33,GB,23,True
d8b165f9-7d3a-4a89-ab1d-b44dfc720879,1245705,2018-01-17 13:37:13,GB,54,False
d8dfd5d2-6c65-40fa-a970-d8dc31376bc6,3303805,2018-02-14 14:24:07,FR,54,True
d98d051d-52bb-451e-a9b7-7478c6b7f7f1,4797464,2018-03-24 07:11:12,GB,26,True
d9ab59b4-90e8-42d7-8f7d-15d35d8d37b4,2530680,2018-03-20 19:23:20,EE,26,False
d9eaff61-128c-4758-bb61-7a395bdf74bf,666898,2018-03-08 15:21:03,ES,48,True
da30fd46-526c-42c2-94f3-97c03f4ded62,4682721,2018-03-06 21:54:32,GB,34,True
db90ea49-452c-41d9-90c1-68e9ef687dc2,1620554,2018-02-22 16:43:30,RO,42,False
dbaec9d4-d62d-4159-9163-3ef9f11f5106,4141606,2018-03-17 10:05:44,GB,32,True
dc2f7ee8-8b91-433e-ae77-e477429ddb82,1287868,2018-01-09 12:38:53,GB,36,False
dc726dd3-a091-4aad-8165-79521f490a5d,2156206,2018-02-02 18:42:05,LT,20,True
dcda0c4f-18ca-4d54-9eb5-c9186b3e2591,4608449,2018-02-26 11:31:06,GB,30,True
dceb9060-65a6-4216-9929-6a2d04ea4103,376317,2018-02-16 11:10:02,ES,77,True
dd236636-53cf-4826-8a11-b47527061f4c,2482553,2018-03-27 09:39:40,GB,24,True
dd310194-c33a-4a8d-b70b-33f8816aa0a9,3830213,2018-03-06 18:59:26,DE,35,True
dd8029c6-cbd1-4e4a-95ca-c1b2bdb783f7,4141201,2018-02-12 10:15:35,GB,38,True
ddf13d84-cace-42ea-8314-c0d14a213bd4,3497940,2018-02-09 19:21:32,GB,49,True
de218bfa-de1b-40ec-8343-57a01dc5484c,605111,2018-02-15 13:13:37,EE,33,True
de7de5cd-3dc2-43b6-b85f-c4333d5ce709,4565326,2018-02-09 20:12:09,DE,47,True
deb90194-cf37-4c5f-b96b-3a0dae9d4f2d,3291599,2018-02-09 12:56:32,GB,36,True
dec0b380-f3c4-40ff-bcec-181192819e8b,714774,2018-02-02 13:23:03,GB,26,True
ded963fd-7295-4ea1-9a01-779bfd247815,423888,2018-02-09 14:36:26,FR,58,False
dedbc355-7dec-4640-82ad-9d23ecff26bb,1961299,2018-02-28 18:37:44,GB,27,True
df4dfcf7-93f6-4b00-8d2b-6ca3eb37dd0f,1261574,2018-03-16 23:08:58,NL,27,True
df6ff9fd-5a16-4377-95e0-75a5c20eadd3,4621154,2018-03-12 13:22:35,DE,30,True
df82524f-4d8d-47c7-aa15-1aeb78516321,2287250,2018-02-12 18:43:59,GB,39,True
dfdcc019-24e8-4c1e-8f7f-c03dccae29ab,2978782,2018-03-16 13:48:35,GB,35,False
e0536fbc-a47f-4cc9-b017-b1f48860cd15,2528022,2018-04-10 12:58:09,IT,26,True
e099e44b-356f-4fab-9b6a-465726f2ec7f,201295,2018-01-21 11:57:52,GB,66,True
e13652ea-da95-4d6e-8335-d94cf14a4e62,683859,2018-03-20 20:17:03,GB,31,True
e25b7ae0-ce1d-4da7-90f3-5df48090329d,1796838,2018-03-26 16:10:49,PL,24,True
e282aee7-261c-452b-8c96-256b078385b0,809975,2018-03-15 09:49:58,GB,44,True
e294deea-00cf-4876-b29b-e1ef19d1988f,107050,2018-01-18 17:04:57,GB,34,False
e2eb658c-1cb5-4d6f-8f0e-d21669afcbfe,1192097,2017-10-20 08:06:19,EE,39,False
e2ee3095-4b28-4831-b0f2-393c7c50c22a,5041482,2018-04-02 07:40:56,RO,40,True
e311d4ca-c9ef-497e-b25c-35970e0d6a72,2937915,2018-04-11 10:33:58,DE,39,True
e3a128c6-4d84-4984-b7a3-5d78c57d43cd,1025693,2018-03-15 22:03:03,FR,33,True
e3be5bda-2ffa-409c-a26f-53690f768b71,4716063,2018-03-04 19:26:20,GB,45,True
e3c178f9-8c9d-4ebf-9a17-66ef68d60261,1273776,2018-03-27 10:09:52,FI,42,True
e3ccd0d8-7ecd-46e4-a4a8-092856b2437e,3062755,2018-04-04 18:06:19,PT,20,True
e401778d-b27e-43c6-9447-866ff90ab23b,927049,2018-02-24 06:43:11,DE,36,True
e40d2a7a-66dc-48a5-96d6-9c0d50d0ab18,651475,2018-02-02 15:00:52,ES,52,True
e4443fcb-10c0-4723-890c-8eef7e7e37ee,1181352,2018-03-08 09:25:11,GB,41,True
e52f0a76-be50-420b-b627-30584cbc6cea,4342198,2018-01-29 13:29:51,FR,48,False
e5352dd4-507f-4546-8f5d-3ddcc9bbe6ab,1565157,2018-03-22 14:45:20,GB,41,True
e54a5039-5e40-4a17-9d64-af86066c05c4,3792975,2018-03-23 03:40:39,GB,32,True
e5747c0e-50d0-4b93-a416-7de8aef1fddb,740329,2018-04-12 10:28:46,ES,38,True
e580562f-727f-42a3-804c-5cca101dfd5b,230419,2018-03-12 10:57:20,GB,24,False
e597efd5-c7fb-4b72-960d-ac78806d7798,220197,2018-01-18 17:15:09,GB,51,False
e616eddd-3aab-4c53-b854-a929210da28b,132379,2018-01-18 15:44:18,GB,42,False
e6af604f-973f-416d-86c9-5521425d2de4,145502,2017-10-20 13:35:37,EE,29,False
e6b6d667-e61e-4b55-8e51-86446a65ed70,3301020,2018-02-28 13:42:50,GB,24,True
e6c6839a-410e-4118-b5f1-d30fb1ae5899,4591824,2018-03-15 07:32:33,GB,35,True
e726be22-a8a7-4444-b1bf-0ea1732a6bf9,1450049,2018-04-04 09:59:27,GB,44,True
e770cf10-d277-4fdc-8e62-bfe29b4c0ade,267492,2018-03-15 19:28:01,CH,43,True
e96e21b7-c41b-408b-a1ad-a868ba6d7bd1,1381223,2018-02-16 06:46:50,DE,33,True
e990128d-a7e8-4b12-a77e-44a8a09acb9d,4747899,2018-03-12 02:22:29,FR,39,True
e9a84470-58ca-4945-8afa-6b03b7f384e6,1247587,2018-03-13 15:30:59,IE,36,True
e9d19433-5c79-4ced-bf7e-06351f3675ca,62479,2018-02-02 16:24:41,GB,79,False
eaaf3389-c752-4d46-ae9d-243786729e93,4220901,2018-01-29 15:47:38,RO,24,True
eafd580c-17a6-4b24-9a86-9cc35716440e,170327,2018-03-13 19:38:25,CH,50,True
eb6689fa-ac2d-47eb-9b86-4f322eb969b3,225619,2018-02-22 16:47:51,GB,30,False
ecc50f7a-6b54-413b-971b-fbb0b5f34efe,338437,2018-02-27 10:45:52,EE,49,True
ece0386c-c469-4707-9e25-6fdfa2e22b17,2191993,2018-02-09 13:51:59,IE,26,True
ed39695c-a026-42ce-865d-8062a56ec18b,1505,2017-10-03 18:01:53,EE,30,False
ed6a37fc-fddd-4948-ae02-cc31babf8835,135435,2018-01-30 12:16:25,GB,32,True
ed750990-e9b9-4e24-ae97-ee873e940cb9,177277,2018-04-08 23:51:59,GB,58,True
ed79656b-b4c8-4d7e-86ab-b3609755d3ff,5008952,2018-04-07 07:29:37,CH,39,True
edda8f7e-473b-4acc-9034-a1099cf8693e,4969699,2018-03-27 19:42:02,PL,23,True
ee02c141-6bbb-4bc1-9a20-91a606f20f9d,4815256,2018-02-27 16:08:00,FR,46,True
ee19e8c7-cd0a-4aca-a345-b8a2976f88c0,3012443,2017-10-26 09:02:34,EE,35,False
ee916f94-a398-4ec4-ad58-f444557313ff,621888,2018-01-11 13:53:03,GB,57,True
ef059e39-853f-4d8b-baa6-965e701fe62a,1852864,2018-02-12 08:30:46,GB,47,True
ef41aa81-2a24-4208-a91f-16b23c0839f8,57217,2018-01-28 14:38:23,GB,32,True
ef5d422f-6619-44f4-8377-aa6260040cf6,1312953,2018-02-05 19:20:51,SE,35,True
ef96da01-e506-41cc-9f30-b81b856d0501,500682,2018-02-13 13:31:54,FR,50,True
efdedb26-1da7-4184-9218-092ea88844b8,3696844,2018-03-06 19:18:10,CH,35,True
f016055b-033a-4132-b036-c396515f4807,549677,2018-02-21 18:16:17,GB,47,True
f1522b67-4c07-4560-addf-df58dff3dffc,3151007,2018-02-05 16:36:48,HR,32,True
f1fa7d00-dfce-4842-9214-578c355b622e,2386119,2018-04-08 01:23:34,GB,26,True
f215746e-d415-4d3f-9fa9-da23502d1819,3302522,2018-03-27 09:35:01,GB,35,True
f23a965d-3673-4ade-a635-f9c33314e1de,143501,2018-01-11 23:01:10,GB,66,False
f25438d7-1329-4e2d-94b0-a7d0a9ef0425,283557,2018-02-09 15:49:45,GB,37,True
f277b5ce-bede-4598-94d2-1dc7baf31cbb,906223,2018-04-07 13:49:44,ES,34,True
f34411f7-5678-40fe-bbfd-efd18b8632f6,4557034,2018-03-26 13:40:28,EE,37,True
f354ff83-0928-4de0-adcb-b417baac805d,26497,2018-01-19 10:55:55,GB,43,False
f38a599e-876c-4e46-a434-c129c5045887,423417,2018-03-06 17:25:33,CH,32,True
f3e75ed1-b1e9-44c5-955f-3d555a171292,3578021,2018-03-14 14:47:37,CH,35,False
f4889bbc-3017-44ad-b26c-bcdef1314c0e,1681497,2018-03-18 07:53:22,DE,28,True
f4e4a20e-8d69-4e38-86a4-c2c8a37ef0fc,5037471,2018-04-06 12:36:51,GB,29,True
f4ec0fe6-5f01-4c10-b4fd-e6c2cfd95b2f,4709656,2018-02-22 17:00:59,FR,44,True
f507982d-70b3-46f5-93e8-f440b80572ed,1425309,2018-01-29 13:39:22,FR,50,False
f531b495-caa0-4047-935f-f64290ced38c,4923650,2018-03-25 13:40:12,MT,24,True
f54fb4c4-22a5-46ff-a3ab-e3a2255d1bb5,1650501,2018-03-12 15:02:49,MT,37,True
f554fb0a-9b10-4117-b822-4babd5e0b399,31185,2018-03-06 17:08:51,CH,41,True
f5a584ab-4f61-4880-81c3-ca82cb54b1dd,138219,2018-04-18 16:43:21,NL,31,True
f5c5bdd3-0406-4453-9640-5458069299b5,4129017,2018-03-18 11:09:42,GB,49,True
f5fbcef1-900a-43d8-98d3-c29c9d1ff590,3484660,2018-02-14 22:48:51,SK,26,True
f6493e5f-2f60-496d-84e7-d61237238475,65542,2018-02-26 19:53:13,GB,44,True
f65af56e-0ead-4e18-bf35-78ebc8dc4361,3582149,2018-02-27 10:29:01,CH,48,True
f6fec1d5-faf0-4b33-b0ea-5b9ed3789ca6,2685231,2018-02-09 12:25:54,FR,37,False
f7334744-4b28-49a5-bc85-4cad290c20a6,935197,2018-01-18 16:43:31,GB,25,True
f8cece87-6032-4aff-af1d-59ba5ae291bc,3581778,2018-04-06 13:12:07,IE,23,True
f90c27e1-c635-4335-90a4-bdd5e22aacd6,4961026,2018-03-26 13:40:35,DE,25,True
f943dac4-6041-43d2-9f5f-96101573aa7c,1769096,2018-03-27 09:38:18,GB,48,True
f9500437-c1dd-44da-be7a-e5c879a52811,5007679,2018-03-27 10:49:53,PL,22,True
f97eef13-ba55-4310-a944-68e77c6f70e1,367131,2018-04-25 10:03:06,GB,32,True
f98e15a5-6509-483f-96fa-475d6db5e95b,306945,2018-03-27 10:06:43,GB,30,True
fa16290d-1f87-4b6d-b2fe-cc9ca109b69c,3788649,2018-03-07 17:03:05,GB,31,True
fac66f97-a9bc-40d0-ac59-4195473c5aa7,4768327,2018-03-06 15:21:27,HU,24,True
fade4e6f-bf70-4c45-bff0-9653f6bbc560,3276128,2018-03-07 18:24:07,FR,45,True
fb86160e-ffbc-476f-b574-dad67e98dd22,411578,2018-04-18 15:29:10,DE,39,True
fbcfa929-2b72-4277-a511-1917cdffc60f,5165922,2018-04-25 11:09:00,DE,34,True
fbd3babd-0e0e-46be-9c47-b51f8da6a394,4749449,2018-02-14 14:32:41,GB,41,False
fbe653a9-2dc2-42d6-aa29-5c7829e0afab,1533116,2018-02-02 15:41:24,LV,34,True
fc0a3498-837c-4941-baec-0bbf7ef246da,292017,2018-03-15 17:07:37,PT,38,True
fc374d92-fd28-4186-8a94-f9a76038698e,3757858,2018-03-28 07:33:06,RO,23,True
fc6e3976-4b31-42d4-99e4-7dc3fddb44e5,179178,2018-04-19 13:56:37,GB,63,True
fc978b9d-4b17-42a5-b8e5-86d9855339d9,4122558,2018-03-26 13:51:35,IE,20,True
fd97a330-308f-4727-9f3d-a7855e079a1e,4876373,2018-04-18 17:09:03,GB,31,True
fdbf29a8-26fa-4b43-8cb6-4c3cc657d0ea,1908822,2018-02-12 10:14:49,DE,31,True
fdd74894-1519-4afe-bd00-6b7c9f222f11,1209501,2018-03-06 15:43:08,DE,61,False
fe074226-fcef-4adc-be4e-5a670dfd7ce5,4766367,2018-03-07 18:01:03,GB,34,True
fe2700ca-2242-4e6c-8b80-4b6c8c1ae119,3374168,2018-02-02 14:06:47,CH,36,True
fe2f9274-bcb0-48d9-8a91-eadca8328001,5101162,2018-04-17 08:57:03,GB,56,True
fed6e9b5-20b4-413b-aad9-d9b6d18397d2,4690864,2018-02-26 15:20:51,PT,23,True
ff2d535b-a1b3-4a9f-9245-02a08188218e,1626738,2018-02-13 18:21:57,GB,41,False
ff3ac9f4-7aa2-4d05-bbf8-b838432f8a3b,881964,2018-01-18 17:19:31,GB,32,True
ff61723e-53ad-40bf-8e1d-d58d206397ce,39143,2018-03-07 08:46:34,FR,64,True
ff6e2696-6638-4359-878c-0c1ea820ab6a,4759173,2018-04-18 19:18:50,FR,27,True
ffd5fb43-900a-49f8-8675-b4bc73c2e647,130732,2018-02-06 09:16:59,ES,36,False
